DELETE from  "accounting"."integration" where id='b5d1a32b-e747-4886-aba3-5d34d6964ca7';

INSERT INTO "accounting"."integration" ("id", "description", "flag_property", "flag_value", "order_priority", "created_by", "created_date", "last_modified_by", "last_modified_date", "deleted", "domain") VALUES
('b5d1a32b-e747-4886-aba3-5d34d6964ca7', 'HOSPITAL_PAYMENTS_MOD_1', NULL, 'HOSPITAL_PAYMENTS_MOD_1', '6003', 'admin', '2021-01-17 04:35:44.588', 'admin', '2021-01-17 04:36:05.194', NULL, 'com.hisd3.hismk2.domain.cashiering.PaymentTracker');


INSERT INTO "accounting"."integration_items" ("id", "journal_account", "disabled_property", "disabled_value", "value_property", "integration", "created_by", "created_date", "last_modified_by", "last_modified_date", "deleted", "source_column", "multiple") VALUES
('4f84beb6-e815-45d5-b5b5-8c920d249fc0', '{"code": "100020-####-0000", "subAccount": {"id": "0c2134c2-da69-4bb4-bc21-589286ce03bf", "code": "####", "domain": "com.hisd3.hismk2.domain.cashiering.CashierTerminal", "normalSide": null, "description": "CHECK ON HAND CASHIER TERMINALS ASSGN."}, "description": "CHECK ON HAND-CHECK ON HAND CASHIER TERMINALS ASSGN.", "motherAccount": {"id": "17d8f2a1-71d5-406e-b148-2e13d958ec05", "code": "100020", "domain": "com.hisd3.hismk2.domain.accounting.MotherAccount", "normalSide": "DEBIT", "description": "CHECK ON HAND"}, "subSubAccount": {"id": null, "code": null, "domain": null, "normalSide": null, "description": null}, "subAccountName": "CHECK ON HAND CASHIER TERMINALS ASSGN.", "subAccountSetupId": "ca08d089-c633-4a13-8967-2e40d72a9b80"}', NULL, NULL, NULL, 'b5d1a32b-e747-4886-aba3-5d34d6964ca7', 'admin', '2021-01-17 05:15:02.508', 'admin', '2021-01-17 05:19:14.683', NULL, 'totalCheck', NULL),
('754cad52-cf13-49f5-843d-a7651aa9ab8a', '{"code": "200180-1010-1020", "subAccount": {"id": "c1b6638e-141b-41fb-807d-cb4a8ce60c73", "code": "1010", "domain": "com.hisd3.hismk2.domain.accounting.SubAccountSetup", "normalSide": null, "description": "UNEARNED REVENUE"}, "description": "OTHER CURRENT PAYABLES-UNEARNED REVENUE-ADVANCES FROM PATIENT", "motherAccount": {"id": "61fc5106-2a26-45de-94e5-b0ebaae56a36", "code": "200180", "domain": "com.hisd3.hismk2.domain.accounting.MotherAccount", "normalSide": "CREDIT", "description": "OTHER CURRENT PAYABLES"}, "subSubAccount": {"id": "1ddade9b-b0db-4c90-818e-62446e5bd784", "code": "1020", "domain": "com.hisd3.hismk2.domain.accounting.SubAccountSetup", "normalSide": null, "description": "ADVANCES FROM PATIENT"}, "subAccountName": "ADVANCES FROM PATIENT", "subAccountSetupId": "1ddade9b-b0db-4c90-818e-62446e5bd784"}', NULL, NULL, NULL, 'b5d1a32b-e747-4886-aba3-5d34d6964ca7', 'admin', '2021-01-17 05:17:10.7', 'admin', '2021-01-17 05:26:35.376', NULL, 'advancesFromPatients', NULL),
('b11e0ea4-2536-4fc6-a462-89503f262f53', '{"code": "100010-####-0000", "subAccount": {"id": "042e3167-41f7-4bef-8ebb-9b50dd902df0", "code": "####", "domain": "com.hisd3.hismk2.domain.cashiering.CashierTerminal", "normalSide": null, "description": "CASH ON HAND CASHER TERMINAL ASSIGN."}, "description": "CASH ON HAND-CASH ON HAND CASHER TERMINAL ASSIGN.", "motherAccount": {"id": "90caf006-9a05-4f78-aec8-d6f38916c9f2", "code": "100010", "domain": "com.hisd3.hismk2.domain.accounting.MotherAccount", "normalSide": "DEBIT", "description": "CASH ON HAND"}, "subSubAccount": {"id": null, "code": null, "domain": null, "normalSide": null, "description": null}, "subAccountName": "CASH ON HAND CASHER TERMINAL ASSIGN.", "subAccountSetupId": "9894f3ce-c956-4456-8bfb-d8e92db2a31d"}', NULL, NULL, NULL, 'b5d1a32b-e747-4886-aba3-5d34d6964ca7', 'admin', '2021-01-17 04:40:32.72', 'admin', '2021-01-17 05:19:11.199', NULL, 'totalCash', NULL),
('da04a48f-545a-4482-840c-fc51dc8080a7', '{"code": "100090-1020-####", "subAccount": {"id": "20b5b8b6-d279-4578-870f-ebb3f3d6e17e", "code": "1020", "domain": "com.hisd3.hismk2.domain.accounting.SubAccountSetup", "normalSide": null, "description": "CREDIT CARD"}, "description": "ACCOUNTS RECEIVABLES-CREDIT CARD-CREDIT CARD PAYMENTS AR SETUP", "motherAccount": {"id": "8695271b-aeb3-4df8-9d34-2e7d973f9e25", "code": "100090", "domain": "com.hisd3.hismk2.domain.accounting.MotherAccount", "normalSide": "DEBIT", "description": "ACCOUNTS RECEIVABLES"}, "subSubAccount": {"id": "d971bf86-7021-4589-ad4a-e860de01b787", "code": "####", "domain": "com.hisd3.hismk2.domain.accounting.Bank", "normalSide": null, "description": "CREDIT CARD PAYMENTS AR SETUP"}, "subAccountName": "CREDIT CARD PAYMENTS AR SETUP", "subAccountSetupId": "2d056ddb-c2d0-411b-ad0c-30d753c0d557"}', NULL, NULL, NULL, 'b5d1a32b-e747-4886-aba3-5d34d6964ca7', 'admin', '2021-01-17 05:15:37.524', 'admin', '2021-01-17 05:19:26.692', NULL, 'amountForCreditCard', NULL),
('fc16529b-c4a7-4401-b2e1-62518d58dd29', '{"code": "100060-####-0000", "subAccount": {"id": "fcdc6431-1190-422d-bc74-089f916c8613", "code": "####", "domain": "com.hisd3.hismk2.domain.accounting.Bank", "normalSide": null, "description": "CASH IN BANK SETUP"}, "description": "CASH IN BANK-CASH IN BANK SETUP", "motherAccount": {"id": "3e2ecf16-dae5-4bbb-bf7e-ffe8efb42ac8", "code": "100060", "domain": "com.hisd3.hismk2.domain.accounting.MotherAccount", "normalSide": "DEBIT", "description": "CASH IN BANK"}, "subSubAccount": {"id": null, "code": null, "domain": null, "normalSide": null, "description": null}, "subAccountName": "CASH IN BANK SETUP", "subAccountSetupId": "f78f76c8-4d70-4755-9d66-1579eb1d00b5"}', NULL, NULL, NULL, 'b5d1a32b-e747-4886-aba3-5d34d6964ca7', 'admin', '2021-01-17 05:16:31.081', 'admin', '2021-01-17 05:19:35.189', NULL, 'amountForCashDeposit', NULL);



--select * from accounting.integration_items_details t1 where t1.integration_item in (
--    SELECT t2.id from accounting.integration_items t2 where t2.integration = 'b5d1a32b-e747-4886-aba3-5d34d6964ca7'
--);




INSERT INTO "accounting"."integration_items_details" ("id", "field_name", "field_value", "integration_item") VALUES
('15d0554e-b77e-44d0-964a-9ae00cc0b2f5', 'com.hisd3.hismk2.domain.cashiering.CashierTerminal', 'cashierTerminal', 'b11e0ea4-2536-4fc6-a462-89503f262f53'),
('339a8551-4a0d-4277-9201-ca3e9328a06d', 'com.hisd3.hismk2.domain.cashiering.CashierTerminal', 'cashierTerminal', '4f84beb6-e815-45d5-b5b5-8c920d249fc0'),
('d8de5fab-e6fa-4f6b-bfe5-e6b7d039038e', 'com.hisd3.hismk2.domain.accounting.Bank', 'bankForCreditCard', 'da04a48f-545a-4482-840c-fc51dc8080a7'),
('15a78321-5fae-4dd4-befa-4bb6ffe71aad', 'com.hisd3.hismk2.domain.accounting.Bank', 'bankForCashDeposit', 'fc16529b-c4a7-4401-b2e1-62518d58dd29');


--------------------------

DELETE from  "accounting"."integration" where id='c74dfa34-379a-4b4f-98c3-bc78cca39d64';

INSERT INTO "accounting"."integration" ("id", "description", "flag_property", "flag_value", "order_priority", "created_by", "created_date", "last_modified_by", "last_modified_date", "deleted", "domain") VALUES
('c74dfa34-379a-4b4f-98c3-bc78cca39d64', 'REAPPLICATION_OF_PAYMENTS_MOD', NULL, 'REAPPLICATION_OF_PAYMENTS_MOD', '6004', 'admin', '2021-01-17 05:28:30.507', 'admin', '2021-01-17 05:28:49.117', NULL, 'com.hisd3.hismk2.domain.IntegrationTemplate');


INSERT INTO "accounting"."integration_items" ("id", "journal_account", "disabled_property", "disabled_value", "value_property", "integration", "created_by", "created_date", "last_modified_by", "last_modified_date", "deleted", "source_column", "multiple") VALUES
('01285da5-1a9a-47e6-b4c6-f30af04fcc78', '{"code": "200180-1010-1020", "subAccount": {"id": "c1b6638e-141b-41fb-807d-cb4a8ce60c73", "code": "1010", "domain": "com.hisd3.hismk2.domain.accounting.SubAccountSetup", "normalSide": null, "description": "UNEARNED REVENUE"}, "description": "OTHER CURRENT PAYABLES-UNEARNED REVENUE-ADVANCES FROM PATIENT", "motherAccount": {"id": "61fc5106-2a26-45de-94e5-b0ebaae56a36", "code": "200180", "domain": "com.hisd3.hismk2.domain.accounting.MotherAccount", "normalSide": "CREDIT", "description": "OTHER CURRENT PAYABLES"}, "subSubAccount": {"id": "1ddade9b-b0db-4c90-818e-62446e5bd784", "code": "1020", "domain": "com.hisd3.hismk2.domain.accounting.SubAccountSetup", "normalSide": null, "description": "ADVANCES FROM PATIENT"}, "subAccountName": "ADVANCES FROM PATIENT", "subAccountSetupId": "1ddade9b-b0db-4c90-818e-62446e5bd784"}', NULL, NULL, NULL, 'c74dfa34-379a-4b4f-98c3-bc78cca39d64', 'admin', '2021-01-17 05:29:26.081', 'admin', '2021-01-17 05:38:17.164', NULL, 'value_a', NULL),
('48751c82-7191-4e3e-b172-2739080599f0', '{"code": "100090-1010-1030", "subAccount": {"id": "19ec0410-8aa1-4366-91fe-fb688cb4c261", "code": "1010", "domain": "com.hisd3.hismk2.domain.accounting.SubAccountSetup", "normalSide": null, "description": "PATIENT"}, "description": "ACCOUNTS RECEIVABLES-PATIENT-EMERGENCY PATIENT", "motherAccount": {"id": "877454ec-3e60-4357-a9f7-70fbf42df248", "code": "100090", "domain": "com.hisd3.hismk2.domain.accounting.MotherAccount", "normalSide": "DEBIT", "description": "ACCOUNTS RECEIVABLES"}, "subSubAccount": {"id": "18a2606b-2821-4421-a185-b93dc63a87a7", "code": "1030", "domain": "com.hisd3.hismk2.domain.accounting.SubAccountSetup", "normalSide": null, "description": "EMERGENCY PATIENT"}, "subAccountName": "EMERGENCY PATIENT", "subAccountSetupId": "18a2606b-2821-4421-a185-b93dc63a87a7"}', NULL, NULL, NULL, 'c74dfa34-379a-4b4f-98c3-bc78cca39d64', 'admin', '2021-01-17 05:37:25.729', 'admin', '2021-01-17 05:38:28.965', NULL, 'value_e', NULL),
('5343aaed-7f31-43d5-a29e-cfe60b859b03', '{"code": "100090-1010-1040", "subAccount": {"id": "19ec0410-8aa1-4366-91fe-fb688cb4c261", "code": "1010", "domain": "com.hisd3.hismk2.domain.accounting.SubAccountSetup", "normalSide": null, "description": "PATIENT"}, "description": "ACCOUNTS RECEIVABLES-PATIENT-OTC PATIENT", "motherAccount": {"id": "6de22af7-6138-442f-8e24-bbadc56e78a9", "code": "100090", "domain": "com.hisd3.hismk2.domain.accounting.MotherAccount", "normalSide": "DEBIT", "description": "ACCOUNTS RECEIVABLES"}, "subSubAccount": {"id": "ac32e4fa-0dfe-411d-9e41-7e82ed069840", "code": "1040", "domain": "com.hisd3.hismk2.domain.accounting.SubAccountSetup", "normalSide": null, "description": "OTC PATIENT"}, "subAccountName": "OTC PATIENT", "subAccountSetupId": "ac32e4fa-0dfe-411d-9e41-7e82ed069840"}', NULL, NULL, NULL, 'c74dfa34-379a-4b4f-98c3-bc78cca39d64', 'admin', '2021-01-17 05:30:48.649', 'admin', '2021-01-17 05:38:25.41', NULL, 'value_d', NULL),
('b3586b26-0696-4ae7-a967-2cae8c56c01e', '{"code": "100090-1010-1020", "subAccount": {"id": "19ec0410-8aa1-4366-91fe-fb688cb4c261", "code": "1010", "domain": "com.hisd3.hismk2.domain.accounting.SubAccountSetup", "normalSide": null, "description": "PATIENT"}, "description": "ACCOUNTS RECEIVABLES-PATIENT-OUTPATIENT", "motherAccount": {"id": "f9ee0b16-bb39-4081-a2a3-9619f071d387", "code": "100090", "domain": "com.hisd3.hismk2.domain.accounting.MotherAccount", "normalSide": "DEBIT", "description": "ACCOUNTS RECEIVABLES"}, "subSubAccount": {"id": "0ebf62c5-6da6-4c71-ad64-671f757c23e6", "code": "1020", "domain": "com.hisd3.hismk2.domain.accounting.SubAccountSetup", "normalSide": null, "description": "OUTPATIENT"}, "subAccountName": "OUTPATIENT", "subAccountSetupId": "0ebf62c5-6da6-4c71-ad64-671f757c23e6"}', NULL, NULL, NULL, 'c74dfa34-379a-4b4f-98c3-bc78cca39d64', 'admin', '2021-01-17 05:30:22.898', 'admin', '2021-01-17 05:38:22.096', NULL, 'value_c', NULL),
('b4e61a1e-ef5b-4533-95f4-3ce298e3050f', '{"code": "200020-1050-0000", "subAccount": {"id": "502e4575-f49c-4583-a4a1-a0c90a92e09a", "code": "1050", "domain": "com.hisd3.hismk2.domain.accounting.SubAccountSetup", "normalSide": null, "description": "DOCTOR''S FEE LIABILITY"}, "description": "ACCOUNTS PAYABLE-DOCTOR''S FEE LIABILITY", "motherAccount": {"id": "e6df8b91-1812-469c-8949-02333cc7504a", "code": "200020", "domain": "com.hisd3.hismk2.domain.accounting.MotherAccount", "normalSide": "CREDIT", "description": "ACCOUNTS PAYABLE"}, "subSubAccount": {"id": null, "code": null, "domain": null, "normalSide": null, "description": null}, "subAccountName": "DOCTOR''S FEE LIABILITY", "subAccountSetupId": "502e4575-f49c-4583-a4a1-a0c90a92e09a"}', NULL, NULL, NULL, 'c74dfa34-379a-4b4f-98c3-bc78cca39d64', 'admin', '2021-01-17 05:38:01.847', 'admin', '2021-01-17 05:38:33.374', NULL, 'value_f', NULL),
('dc5ff769-6f6f-4036-bfeb-c71ac7597ec7', '{"code": "100090-1010-1010", "subAccount": {"id": "19ec0410-8aa1-4366-91fe-fb688cb4c261", "code": "1010", "domain": "com.hisd3.hismk2.domain.accounting.SubAccountSetup", "normalSide": null, "description": "PATIENT"}, "description": "ACCOUNTS RECEIVABLES-PATIENT-IN-PATIENT", "motherAccount": {"id": "b6fbb464-2e1b-4700-874d-7954d12679b9", "code": "100090", "domain": "com.hisd3.hismk2.domain.accounting.MotherAccount", "normalSide": "DEBIT", "description": "ACCOUNTS RECEIVABLES"}, "subSubAccount": {"id": "a7ad1076-0eac-4227-873a-b12a38e8530a", "code": "1010", "domain": "com.hisd3.hismk2.domain.accounting.SubAccountSetup", "normalSide": null, "description": "IN-PATIENT"}, "subAccountName": "IN-PATIENT", "subAccountSetupId": "a7ad1076-0eac-4227-873a-b12a38e8530a"}', NULL, NULL, NULL, 'c74dfa34-379a-4b4f-98c3-bc78cca39d64', 'admin', '2021-01-17 05:29:53.956', 'admin', '2021-01-17 05:38:19.709', NULL, 'value_b', NULL);



