DELETE FROM "accounting"."financial_report" WHERE "id" = '4f2f8aa1-e9b3-4598-b305-cdcd369571c1' OR "id" = '8d32b5e0-9eba-49f2-94a1-9705fdfd4b56' OR "id" = 'f53078f7-a0a7-40b8-b664-9fea44927f19';


INSERT INTO "accounting"."financial_report" ("id", "title", "compare_prev_month", "can_select_department", "created_by", "created_date", "last_modified_by", "last_modified_date", "code", "show_zero_amount", "bold", "periodic", "show_all") VALUES
('4f2f8aa1-e9b3-4598-b305-cdcd369571c1', 'STATEMENTS OF FINANCIAL POSITION', 't', 'f', 'admin', '2020-11-17 10:22:31.141', 'admin', '2020-12-12 04:30:36.253', 'FR-000001', 't', NULL, NULL, 'f'),
('8d32b5e0-9eba-49f2-94a1-9705fdfd4b56', 'INCOME STATEMENT', 't', 't', 'admin', '2020-11-17 11:21:40.453', 'admin', '2020-12-08 10:03:37.832', 'FR-000002', 'f', NULL, 't', NULL);


INSERT INTO "accounting"."line_type" ("id", "report", "caption", "parent_line_type", "source_type", "order_line", "fixed_value", "show_mother_account", "show_department", "show_sub_sub", "created_by", "created_date", "last_modified_by", "last_modified_date", "code", "bold", "bold_underlined") VALUES
('003b50eb-666a-4b5c-9bed-1e03ae07d42e', '4f2f8aa1-e9b3-4598-b305-cdcd369571c1', 'COMPENSATION RELATED-PHIC CONTRIBUTION', '4424e46f-0938-493d-ab8c-0972986692b6', '2', '21182', NULL, NULL, NULL, NULL, 'admin', '2020-12-07 05:42:42.95', 'admin', '2020-12-07 05:42:42.95', 'LT-000048', NULL, NULL),
('02d38194-aaa9-4806-9f5c-b06633d746af', '4f2f8aa1-e9b3-4598-b305-cdcd369571c1', 'TOTAL ASSETS', NULL, '0', '14500', NULL, NULL, NULL, NULL, 'admin', '2020-12-12 04:52:19.257', 'admin', '2020-12-12 05:41:01.041', 'LT-000096', 'f', 't'),
('053586c2-2aab-4570-b547-98ef669abf43', '4f2f8aa1-e9b3-4598-b305-cdcd369571c1', 'NOTES PAYABLE(NON-CURRENT PORTION)-BANK LOAN-WORKING CAPITAL', '6b3dc36d-a7e6-4fee-9c49-dd66b815b409', '1', '22122', NULL, NULL, NULL, NULL, 'admin', '2020-12-08 07:39:10.656', 'admin', '2020-12-08 07:40:25.711', 'LT-000084', NULL, NULL),
('0cec035c-c16c-4c28-a714-67881a0a7b0e', '4f2f8aa1-e9b3-4598-b305-cdcd369571c1', 'OTHER CURRENT PAYABLES-OTHER BIDDING PAYMENT', '4424e46f-0938-493d-ab8c-0972986692b6', '1', '21306', NULL, NULL, NULL, NULL, 'admin', '2020-12-07 09:51:31.527', 'admin', '2020-12-07 09:51:31.527', 'LT-000061', NULL, NULL),
('0dcbfff3-31d9-4ca5-b0c8-a6935d5cdc11', '4f2f8aa1-e9b3-4598-b305-cdcd369571c1', 'NOTES PAYABLE(NON-CURRENT PORTION)-BANK LOAN-BUILDING', '6b3dc36d-a7e6-4fee-9c49-dd66b815b409', '1', '22120', NULL, NULL, NULL, NULL, 'admin', '2020-12-08 04:27:55.25', 'admin', '2020-12-08 04:27:55.25', 'LT-000082', NULL, NULL),
('0e9c4353-c7f0-4251-a794-c9f7cba812ac', '4f2f8aa1-e9b3-4598-b305-cdcd369571c1', 'CURRENT YEAR EARNINGS', 'c0b7f154-2322-46c9-8f66-1ec070e0e813', '2', '32000', NULL, NULL, NULL, NULL, 'admin', '2020-12-08 07:47:58.1', 'admin', '2020-12-08 07:47:58.1', 'LT-000086', NULL, NULL),
('0f2e887f-4bdf-488a-a1ad-80ea53fdcfa6', '4f2f8aa1-e9b3-4598-b305-cdcd369571c1', 'OTHER CURRENT PAYABLES-OUTSTANDING CHECKS', '4424e46f-0938-493d-ab8c-0972986692b6', '1', '21307', NULL, NULL, NULL, NULL, 'admin', '2020-12-07 09:52:25.589', 'admin', '2020-12-07 09:52:25.589', 'LT-000062', NULL, NULL),
('12190a19-8913-4445-bf3a-07152b7cfd80', '4f2f8aa1-e9b3-4598-b305-cdcd369571c1', 'SHARE CAPITAL', 'c0b7f154-2322-46c9-8f66-1ec070e0e813', '2', '34000', NULL, NULL, NULL, NULL, 'admin', '2020-12-08 07:49:06.411', 'admin', '2020-12-08 07:49:06.411', 'LT-000088', NULL, NULL),
('1251e451-4e0f-43d9-8e1f-17249c12514b', '4f2f8aa1-e9b3-4598-b305-cdcd369571c1', 'ACCOUNTS PAYABLE-DOCTORS FEE LIABILITY', '4424e46f-0938-493d-ab8c-0972986692b6', '1', '21100', NULL, NULL, NULL, NULL, 'admin', '2020-12-07 05:10:54.893', 'admin', '2020-12-07 05:25:38.219', 'LT-000038', NULL, NULL),
('15ff4e3b-be2d-4c69-9888-d13e9b1a6709', '4f2f8aa1-e9b3-4598-b305-cdcd369571c1', 'KITCHENWARES, TABLEWARES AND OTHER UTENSILS', '796ae082-c55a-423e-9b43-c16472b5f40a', '1', '11123', NULL, 't', NULL, NULL, 'admin', '2020-12-07 01:31:22.396', 'admin', '2020-12-09 05:09:21.117', 'LT-000012', NULL, NULL),
('1ab7ad2e-193b-4c8b-b0ae-8095c98a4cb7', '4f2f8aa1-e9b3-4598-b305-cdcd369571c1', 'DUE TO DOCTORS', '4424e46f-0938-493d-ab8c-0972986692b6', '2', '21190', NULL, NULL, NULL, NULL, 'admin', '2020-12-07 06:19:45.239', 'admin', '2020-12-07 06:19:45.239', 'LT-000051', NULL, NULL),
('1d89825b-7a7b-4948-8d35-a9247f93fcc3', '4f2f8aa1-e9b3-4598-b305-cdcd369571c1', 'ADVANCES TO EMPLOYEES', '796ae082-c55a-423e-9b43-c16472b5f40a', '2', '11114', NULL, NULL, NULL, NULL, 'admin', '2020-12-07 01:09:46.206', 'admin', '2020-12-07 01:10:02.942', 'LT-000005', NULL, NULL),
('1e07e4e2-3b10-4e12-a80f-5497d67da30a', '4f2f8aa1-e9b3-4598-b305-cdcd369571c1', 'ACCOUNTS PAYABLE-READER''S FEE LIABILITY', '4424e46f-0938-493d-ab8c-0972986692b6', '1', '21150', NULL, NULL, NULL, NULL, 'admin', '2020-12-07 05:23:47.701', 'admin', '2020-12-07 05:25:32.269', 'LT-000043', NULL, NULL),
('211c937f-66ba-4e61-a3c8-d8055558fa18', '4f2f8aa1-e9b3-4598-b305-cdcd369571c1', 'ADVANCES FROM SHAREHOLDERS-DUE TO FOUNDERS', '6b3dc36d-a7e6-4fee-9c49-dd66b815b409', '1', '22110', NULL, NULL, NULL, NULL, 'admin', '2020-12-07 15:52:44.443', 'admin', '2020-12-07 15:53:30.97', 'LT-000080', NULL, NULL),
('2374cf6b-ae19-472a-88dd-59f31a25a349', '4f2f8aa1-e9b3-4598-b305-cdcd369571c1', 'TAXES PAYABLE -EWT DOCTOR''S FEE', '4424e46f-0938-493d-ab8c-0972986692b6', '1', '21400', NULL, NULL, NULL, NULL, 'admin', '2020-12-07 10:03:50.068', 'admin', '2020-12-07 10:04:14.646', 'LT-000069', NULL, NULL),
('261d214e-be0f-49ef-997f-345ed4d05178', '4f2f8aa1-e9b3-4598-b305-cdcd369571c1', 'ADVANCES TO CONTRACTORS', '796ae082-c55a-423e-9b43-c16472b5f40a', '2', '11115', NULL, 't', NULL, NULL, 'admin', '2020-12-06 04:50:31.393', 'admin', '2020-12-09 04:05:49.837', 'LT-000003', NULL, NULL),
('27ee1a36-196f-4f57-bd19-7ca8cff3a068', '4f2f8aa1-e9b3-4598-b305-cdcd369571c1', 'OFFICE FURNITURES AND FIXTURES', '515f72f8-ef9b-4bf8-944d-6ba96333cc04', '1', '13171', NULL, NULL, NULL, NULL, 'admin', '2020-12-08 04:19:18.25', 'admin', '2020-12-08 04:19:36.618', 'LT-000081', NULL, NULL),
('2e78e051-07d7-47c6-ad47-aebb91e21bd9', '4f2f8aa1-e9b3-4598-b305-cdcd369571c1', 'ACCOUNTS RECEIVABLES', '796ae082-c55a-423e-9b43-c16472b5f40a', '4', '11108', NULL, NULL, NULL, NULL, 'admin', '2020-12-10 04:35:50.046', 'admin', '2020-12-10 04:37:59.662', 'LT-000092', 't', NULL),
('3a84a514-f127-4175-85fe-5d8a351825a1', '4f2f8aa1-e9b3-4598-b305-cdcd369571c1', 'TAXES PAYABLE-PROPERTY TAX PAYABLE-EQUIPTMENT', '4424e46f-0938-493d-ab8c-0972986692b6', '1', '21450', NULL, NULL, NULL, NULL, 'admin', '2020-12-07 10:18:51.699', 'admin', '2020-12-07 10:18:51.699', 'LT-000074', NULL, NULL),
('40cdcee8-814c-4e3f-9e93-be89abd8e325', '4f2f8aa1-e9b3-4598-b305-cdcd369571c1', 'LAND', '515f72f8-ef9b-4bf8-944d-6ba96333cc04', '1', '13100', NULL, NULL, NULL, NULL, 'admin', '2020-12-07 02:40:53.989', 'admin', '2020-12-07 03:08:57.891', 'LT-000019', NULL, NULL),
('4424e46f-0938-493d-ab8c-0972986692b6', '4f2f8aa1-e9b3-4598-b305-cdcd369571c1', 'CURRENT LIABILITIES', 'd8f46f8e-02a8-4247-80f9-c516ab770c82', '4', '21000', NULL, NULL, NULL, NULL, 'admin', '2020-12-07 05:03:06.575', 'admin', '2020-12-07 05:03:06.575', 'LT-000036', 't', NULL),
('445a003d-3ed7-4b81-985b-1a117b34c3ce', '4f2f8aa1-e9b3-4598-b305-cdcd369571c1', 'OTHER CURRENT PAYABLES-ADVANCES FROM EMPLOYEES', '4424e46f-0938-493d-ab8c-0972986692b6', '1', '21303', NULL, NULL, NULL, NULL, 'admin', '2020-12-07 09:44:37.018', 'admin', '2020-12-07 09:44:37.018', 'LT-000058', NULL, NULL),
('4da46b04-8c25-4be0-af22-b1cad3f295a1', '4f2f8aa1-e9b3-4598-b305-cdcd369571c1', 'CASH AND CASH EQUIVALENTS', '796ae082-c55a-423e-9b43-c16472b5f40a', '1', '11100', NULL, 'f', NULL, NULL, 'admin', '2020-11-18 04:39:16.221', 'admin', '2020-12-10 04:37:45.705', 'LT-000017', 't', NULL),
('4ea0dbf4-9f11-4749-91ba-26f62fbf3692', '4f2f8aa1-e9b3-4598-b305-cdcd369571c1', 'OTHER PAYABLE', '4424e46f-0938-493d-ab8c-0972986692b6', '2', '21310', NULL, NULL, NULL, NULL, 'admin', '2020-12-07 09:55:45.058', 'admin', '2020-12-07 09:55:45.058', 'LT-000064', NULL, NULL),
('50b20865-af56-422f-9a22-43e19f7c5de9', '4f2f8aa1-e9b3-4598-b305-cdcd369571c1', 'PREPAID TAXES', '796ae082-c55a-423e-9b43-c16472b5f40a', '1', '11129', NULL, NULL, NULL, NULL, 'admin', '2020-12-07 02:28:19.029', 'admin', '2020-12-07 02:28:40.602', 'LT-000017', NULL, NULL),
('515f72f8-ef9b-4bf8-944d-6ba96333cc04', '4f2f8aa1-e9b3-4598-b305-cdcd369571c1', 'FIXED ASSETS', '9d72682c-f9b0-45ad-811a-0982aa900936', '4', '13000', NULL, NULL, NULL, NULL, 'admin', '2020-11-18 03:56:31.214', 'admin', '2020-12-07 02:40:06.126', 'LT-000011', 't', NULL),
('549818e6-d5f0-47d5-91f2-46caebd5643f', '4f2f8aa1-e9b3-4598-b305-cdcd369571c1', 'MOBILE EQUIPTMENT', '515f72f8-ef9b-4bf8-944d-6ba96333cc04', '1', '13160', NULL, NULL, NULL, NULL, 'admin', '2020-12-07 03:04:20.124', 'admin', '2020-12-07 03:09:39.324', 'LT-000025', NULL, NULL),
('584567ba-0722-42c6-885c-f86f2f407d43', '4f2f8aa1-e9b3-4598-b305-cdcd369571c1', 'GENERAL HOSPITAL MAINTENANCE SUPPLIES', '796ae082-c55a-423e-9b43-c16472b5f40a', '1', '11119', NULL, 't', NULL, NULL, 'admin', '2020-12-07 01:22:09.784', 'admin', '2020-12-09 05:08:37.025', 'LT-000008', NULL, NULL),
('59d6b802-01df-4134-96a1-bcb021bf9b37', '4f2f8aa1-e9b3-4598-b305-cdcd369571c1', 'OTHER CURRENT PAYABLES-ACCRUED 13TH MONTH PAY', '4424e46f-0938-493d-ab8c-0972986692b6', '1', '21300', NULL, NULL, NULL, NULL, 'admin', '2020-12-07 06:35:33.778', 'admin', '2020-12-07 06:38:02.507', 'LT-000055', NULL, NULL),
('5aaaf3cf-c0c8-4b29-8e17-ba4b0d1885b0', '4f2f8aa1-e9b3-4598-b305-cdcd369571c1', 'TOTAL NON-CURRENT LIABILITIES', 'd8f46f8e-02a8-4247-80f9-c516ab770c82', '0', '22130', NULL, NULL, NULL, NULL, 'admin', '2020-12-11 16:41:52.236', 'admin', '2020-12-12 04:43:55.116', 'LT-000094', 't', NULL),
('5b8e07b6-c79a-4a94-9ca3-344534552010', '4f2f8aa1-e9b3-4598-b305-cdcd369571c1', 'ACCOUNTS PAYABLE-OTHERS', '4424e46f-0938-493d-ab8c-0972986692b6', '1', '21130', NULL, NULL, NULL, NULL, 'admin', '2020-12-07 05:14:45.496', 'admin', '2020-12-07 05:25:24.845', 'LT-000041', NULL, NULL),
('5c0ff4cd-3256-49de-bb10-36d23d2b7f06', '4f2f8aa1-e9b3-4598-b305-cdcd369571c1', 'BANK LOAN-BUILDING', '4424e46f-0938-493d-ab8c-0972986692b6', '1', '21200', NULL, NULL, NULL, NULL, 'admin', '2020-12-07 06:27:04.857', 'admin', '2020-12-07 06:28:12.02', 'LT-000052', NULL, NULL),
('5f7279a3-dc69-419e-bf0a-4c717f7164f6', '4f2f8aa1-e9b3-4598-b305-cdcd369571c1', 'ADDITIONAL PAID-IN CAPITAL', 'c0b7f154-2322-46c9-8f66-1ec070e0e813', '2', '31000', NULL, NULL, NULL, NULL, 'admin', '2020-12-08 07:47:22.24', 'admin', '2020-12-08 07:47:22.24', 'LT-000085', NULL, NULL),
('61957b58-c45b-4507-9e58-1e551d682577', '4f2f8aa1-e9b3-4598-b305-cdcd369571c1', 'ACCOUNTS PAYABLE-VENDORS AND SUPPLIER', '4424e46f-0938-493d-ab8c-0972986692b6', '1', '21160', NULL, NULL, NULL, NULL, 'admin', '2020-12-07 05:26:50.235', 'admin', '2020-12-07 05:27:30.971', 'LT-000044', NULL, NULL),
('61f89b9d-3c19-4e0c-b9ea-7f7015722add', '4f2f8aa1-e9b3-4598-b305-cdcd369571c1', 'ALLOWANCES FOR DOUBFUL ACCOUNTS-PATIENTS', '2e78e051-07d7-47c6-ad47-aebb91e21bd9', '1', '11113', NULL, 't', 't', NULL, 'admin', '2020-12-10 05:57:28.703', 'admin', '2020-12-10 05:59:15.145', 'LT-000093', NULL, NULL),
('62e49d94-9e65-4c3d-97f1-e5b88b88a8ae', '4f2f8aa1-e9b3-4598-b305-cdcd369571c1', 'GENERAL SERVICES', '515f72f8-ef9b-4bf8-944d-6ba96333cc04', '1', '13180', NULL, NULL, NULL, NULL, 'admin', '2020-12-07 03:08:04.029', 'admin', '2020-12-07 03:09:52.125', 'LT-000027', NULL, NULL),
('64314cae-ef15-4b50-9018-b72046e13070', '4f2f8aa1-e9b3-4598-b305-cdcd369571c1', 'INPUT VAT', '796ae082-c55a-423e-9b43-c16472b5f40a', '2', '11120', NULL, NULL, NULL, NULL, 'admin', '2020-12-07 01:25:14.865', 'admin', '2020-12-07 01:25:14.865', 'LT-000009', NULL, NULL),
('6743c429-5500-4f75-9405-7d8d631f314d', '4f2f8aa1-e9b3-4598-b305-cdcd369571c1', 'OTHER CURRENT PAYABLES-ACCRUED AUDIT FEE', '4424e46f-0938-493d-ab8c-0972986692b6', '1', '21301', NULL, NULL, NULL, NULL, 'admin', '2020-12-07 06:37:33.096', 'admin', '2020-12-07 06:38:08.669', 'LT-000056', NULL, NULL),
('686593a8-b2c4-45e2-9179-4f5b8be836ae', '4f2f8aa1-e9b3-4598-b305-cdcd369571c1', 'OTHER CURRENT PAYABLES-PTP', '4424e46f-0938-493d-ab8c-0972986692b6', '1', '21308', NULL, NULL, NULL, NULL, 'admin', '2020-12-07 09:54:25.118', 'admin', '2020-12-07 09:54:25.118', 'LT-000063', NULL, NULL),
('6913d13e-251b-42b5-8152-ed47e0777bd0', '4f2f8aa1-e9b3-4598-b305-cdcd369571c1', 'NOTES PAYABLE(NON-CURRENT PORTION)-BANK LOAN-EQUIPTMENT', '6b3dc36d-a7e6-4fee-9c49-dd66b815b409', '1', '22121', NULL, NULL, NULL, NULL, 'admin', '2020-12-08 07:38:38.728', 'admin', '2020-12-08 07:40:18.866', 'LT-000083', NULL, NULL),
('6b1a7a9a-1e08-4d31-a182-23c4cc4ecfe7', '4f2f8aa1-e9b3-4598-b305-cdcd369571c1', 'COMPENSATION RELATED-SSS LOANS', '4424e46f-0938-493d-ab8c-0972986692b6', '2', '21184', NULL, NULL, NULL, NULL, 'admin', '2020-12-07 05:48:10.617', 'admin', '2020-12-07 05:48:10.617', 'LT-000050', NULL, NULL),
('6b3dc36d-a7e6-4fee-9c49-dd66b815b409', '4f2f8aa1-e9b3-4598-b305-cdcd369571c1', 'OTHER NON CURRENT LIABILITIES', 'd8f46f8e-02a8-4247-80f9-c516ab770c82', '4', '22000', NULL, NULL, NULL, NULL, 'admin', '2020-12-07 05:03:41.327', 'admin', '2020-12-08 04:25:48.45', 'LT-000037', 't', NULL),
('6fd68d66-0a4e-4ad4-9f22-980eebae9fcd', '4f2f8aa1-e9b3-4598-b305-cdcd369571c1', 'BIOMED ENGINEERING', '515f72f8-ef9b-4bf8-944d-6ba96333cc04', '1', '13190', NULL, NULL, NULL, NULL, 'admin', '2020-12-07 03:10:33.175', 'admin', '2020-12-07 03:10:33.175', 'LT-000028', NULL, NULL),
('71ee6639-8439-473e-8a0c-5417fa2a61a6', '4f2f8aa1-e9b3-4598-b305-cdcd369571c1', 'HOSP. EQUIPTMENT', '515f72f8-ef9b-4bf8-944d-6ba96333cc04', '1', '13130', NULL, NULL, NULL, NULL, 'admin', '2020-12-07 02:48:00.675', 'admin', '2020-12-07 03:09:12.125', 'LT-000022', NULL, NULL),
('73bb53bc-9a37-4440-b2d3-849f6f5c2d0d', '4f2f8aa1-e9b3-4598-b305-cdcd369571c1', 'ACCOUNTS PAYABLE-CONSIGNMENT', '4424e46f-0938-493d-ab8c-0972986692b6', '1', '21110', NULL, NULL, NULL, NULL, 'admin', '2020-12-07 05:11:55.905', 'admin', '2020-12-07 05:25:16.477', 'LT-000039', NULL, NULL),
('74e78fb0-ec89-49bf-b7f6-0e55faa43be6', '4f2f8aa1-e9b3-4598-b305-cdcd369571c1', 'ALLOWANCE FOR CREDIT LOSSES', '796ae082-c55a-423e-9b43-c16472b5f40a', '2', '11130', NULL, NULL, NULL, NULL, 'admin', '2020-12-07 02:30:02.982', 'admin', '2020-12-07 02:30:02.982', 'LT-000018', NULL, NULL),
('7964e8d1-84b6-432c-9c9f-acc160578e2a', '4f2f8aa1-e9b3-4598-b305-cdcd369571c1', 'HOSPITAL BUILDING', '515f72f8-ef9b-4bf8-944d-6ba96333cc04', '1', '13110', NULL, NULL, NULL, NULL, 'admin', '2020-12-07 02:43:08.174', 'admin', '2020-12-07 03:09:02.649', 'LT-000020', NULL, NULL),
('796ae082-c55a-423e-9b43-c16472b5f40a', '4f2f8aa1-e9b3-4598-b305-cdcd369571c1', 'CURRENT ASSETS', 'f0c7ab0c-1c6d-47b4-96b8-edb7d4062ada', '4', '11000', NULL, NULL, NULL, NULL, 'admin', '2020-11-18 03:43:22.476', 'admin', '2020-11-18 16:20:41.398', 'LT-000009', 't', NULL),
('798f40c0-a787-4812-91e2-79008c180cc1', '4f2f8aa1-e9b3-4598-b305-cdcd369571c1', 'OUTPUT TAX', '4424e46f-0938-493d-ab8c-0972986692b6', '1', '21340', NULL, NULL, NULL, NULL, 'admin', '2020-12-07 09:56:45.87', 'admin', '2020-12-07 09:57:07.902', 'LT-000065', NULL, NULL),
('7ac0c75f-59b6-4717-9f62-a533d322a6fa', '4f2f8aa1-e9b3-4598-b305-cdcd369571c1', 'OTHER CURRENT PAYABLES-ADVANCES FROM PATIENTS', '4424e46f-0938-493d-ab8c-0972986692b6', '1', '21304', NULL, NULL, NULL, NULL, 'admin', '2020-12-07 09:46:11.565', 'admin', '2020-12-07 09:46:11.565', 'LT-000059', NULL, NULL),
('81c85875-f539-45c5-b8fe-059d3c19b091', '4f2f8aa1-e9b3-4598-b305-cdcd369571c1', 'PERMITS  AND LICENSE PAYABLE', '4424e46f-0938-493d-ab8c-0972986692b6', '2', '21350', NULL, NULL, NULL, NULL, 'admin', '2020-12-07 10:00:07.32', 'admin', '2020-12-07 10:00:07.32', 'LT-000066', NULL, NULL),
('82daf78a-b1ff-4045-b64f-7856401e653f', '8d32b5e0-9eba-49f2-94a1-9705fdfd4b56', 'SALES', 'c16f4d54-7e9e-4130-9888-ebaf1f096c38', '4', '1001', NULL, NULL, NULL, NULL, 'admin', '2020-11-18 04:10:56.028', 'admin', '2020-11-18 04:10:56.028', 'LT-000013', NULL, NULL),
('851bb746-0183-4036-8451-2d39f6405a42', '8d32b5e0-9eba-49f2-94a1-9705fdfd4b56', 'GROSS MARGIN', 'c16f4d54-7e9e-4130-9888-ebaf1f096c38', '4', '1003', NULL, NULL, NULL, NULL, 'admin', '2020-11-18 04:12:56.743', 'admin', '2020-11-18 04:13:03.606', 'LT-000015', NULL, NULL),
('8b3ecff8-b7ae-46a1-95b9-2b3d7d5eea05', '4f2f8aa1-e9b3-4598-b305-cdcd369571c1', 'ADVANCES TO SUPPLIERS', '796ae082-c55a-423e-9b43-c16472b5f40a', '2', '11116', NULL, NULL, NULL, NULL, 'admin', '2020-12-06 04:51:23.254', 'admin', '2020-12-06 04:51:23.254', 'LT-000004', NULL, NULL),
('8cffc414-e999-4387-8703-1e7986ceab5d', '4f2f8aa1-e9b3-4598-b305-cdcd369571c1', 'TOTAL CURRENT ASSETS', 'f0c7ab0c-1c6d-47b4-96b8-edb7d4062ada', '0', '11131', NULL, NULL, NULL, NULL, 'admin', '2020-12-07 04:46:16.539', 'admin', '2020-12-12 01:21:08.613', 'LT-000034', 't', NULL),
('8d359e8f-4b7f-4b40-979c-d04b9b8ffa76', '4f2f8aa1-e9b3-4598-b305-cdcd369571c1', 'ACCOUNTS PAYABLE-OTHER PDC''S', '4424e46f-0938-493d-ab8c-0972986692b6', '1', '21120', NULL, NULL, NULL, NULL, 'admin', '2020-12-07 05:14:06.686', 'admin', '2020-12-07 05:25:20.292', 'LT-000040', NULL, NULL),
('924f977f-7d5f-4c27-9cc5-e65f2f76b186', '4f2f8aa1-e9b3-4598-b305-cdcd369571c1', 'INVENTORY-DRUGS AND MEDICINES', '796ae082-c55a-423e-9b43-c16472b5f40a', '1', '11121', NULL, 't', NULL, 't', 'admin', '2020-12-07 01:28:10.018', 'admin', '2020-12-09 10:02:07.832', 'LT-000010', NULL, NULL),
('927198d3-ab79-445e-800d-074135815a62', '4f2f8aa1-e9b3-4598-b305-cdcd369571c1', 'INTANGIBLE ASSET', '515f72f8-ef9b-4bf8-944d-6ba96333cc04', '1', '13200', NULL, NULL, NULL, NULL, 'admin', '2020-12-07 03:13:59.179', 'admin', '2020-12-08 04:17:50.319', 'LT-000030', NULL, NULL),
('95e84731-290e-4e95-891f-66a50a0378e7', '4f2f8aa1-e9b3-4598-b305-cdcd369571c1', 'ACCOUNT RECEIVABLES -CORPORATE/PN', '2e78e051-07d7-47c6-ad47-aebb91e21bd9', '1', '11110', NULL, 't', 't', NULL, 'admin', '2020-12-06 03:52:28.675', 'admin', '2020-12-10 05:55:29.579', 'LT-000001', NULL, NULL),
('9629e0e7-4233-4fdd-869b-239f603ae174', '4f2f8aa1-e9b3-4598-b305-cdcd369571c1', 'TOTAL CURRENT LIABILITIES', 'd8f46f8e-02a8-4247-80f9-c516ab770c82', '0', '21500', NULL, NULL, NULL, NULL, 'admin', '2020-12-07 15:47:43.531', 'admin', '2020-12-12 01:54:45.674', 'LT-000078', 't', NULL),
('962a7617-4f73-4c3d-a31b-6417cd5896bb', '4f2f8aa1-e9b3-4598-b305-cdcd369571c1', 'TAXES PAYABLE-PAYABLE-VAT PAYABLE', '4424e46f-0938-493d-ab8c-0972986692b6', '1', '21460', NULL, NULL, NULL, NULL, 'admin', '2020-12-07 10:24:46.266', 'admin', '2020-12-07 15:29:59.35', 'LT-000075', NULL, NULL),
('9c91d88c-bb07-4f7a-9f0a-441225f8ffb1', '4f2f8aa1-e9b3-4598-b305-cdcd369571c1', 'INVENTORY-MEDICAL SUPPLIES', '796ae082-c55a-423e-9b43-c16472b5f40a', '1', '11122', NULL, 't', NULL, 't', 'admin', '2020-12-07 01:29:27.324', 'admin', '2020-12-09 10:09:48.973', 'LT-000011', NULL, NULL),
('9d72682c-f9b0-45ad-811a-0982aa900936', '4f2f8aa1-e9b3-4598-b305-cdcd369571c1', 'NON-CURRENT ASSETS', 'f0c7ab0c-1c6d-47b4-96b8-edb7d4062ada', '4', '12000', NULL, NULL, NULL, NULL, 'admin', '2020-11-18 03:43:50.116', 'admin', '2020-11-18 16:26:24.952', 'LT-000010', 't', NULL),
('9e0275d7-aaef-4c27-b9c6-f3ef99398df1', '4f2f8aa1-e9b3-4598-b305-cdcd369571c1', 'COMPENSATION RELATED-ACCRUED SALARIES AND WAGES PAYABLE', '4424e46f-0938-493d-ab8c-0972986692b6', '2', '21170', NULL, NULL, NULL, NULL, 'admin', '2020-12-07 05:36:24.846', 'admin', '2020-12-07 05:38:15.8', 'LT-000045', NULL, NULL),
('a667d1b2-cbd1-4f78-a26b-d7b14586f256', '4f2f8aa1-e9b3-4598-b305-cdcd369571c1', 'ACCOUNTS PAYABLE- FOUNDERS', '4424e46f-0938-493d-ab8c-0972986692b6', '1', '21480', NULL, NULL, NULL, NULL, 'admin', '2020-12-07 15:30:35.143', 'admin', '2020-12-07 15:30:52.91', 'LT-000077', NULL, NULL),
('a8530dbf-27b9-40e6-9b67-baba8defb5a8', '4f2f8aa1-e9b3-4598-b305-cdcd369571c1', 'ACCOUNTS PAYABLE-PROGRESS BILLING', '4424e46f-0938-493d-ab8c-0972986692b6', '1', '21140', NULL, NULL, NULL, NULL, 'admin', '2020-12-07 05:17:49.752', 'admin', '2020-12-07 05:25:28.819', 'LT-000042', NULL, NULL),
('a97cbdb8-6b00-414e-8df8-be07ff923242', '4f2f8aa1-e9b3-4598-b305-cdcd369571c1', 'TAXES PAYABLE-EWT DOCTOR''S FEE  (10%)', '4424e46f-0938-493d-ab8c-0972986692b6', '1', '21410', NULL, NULL, NULL, NULL, 'admin', '2020-12-07 10:04:50.596', 'admin', '2020-12-07 10:04:50.596', 'LT-000070', NULL, NULL),
('ab893db1-04bb-4322-af47-b8cfbb22db16', '4f2f8aa1-e9b3-4598-b305-cdcd369571c1', 'OTHER NON-CURRENT ASSETS', 'c0761e50-aca3-453b-8a0f-e1165c261719', '1', '14110', NULL, NULL, NULL, NULL, 'admin', '2020-12-07 04:41:14.021', 'admin', '2020-12-07 04:42:21.669', 'LT-000033', 'f', NULL),
('af40e4bc-b677-41c7-8b97-b9aa4926fe2f', '4f2f8aa1-e9b3-4598-b305-cdcd369571c1', 'ENGINEERING TOOLS AND SUPPLIES', '796ae082-c55a-423e-9b43-c16472b5f40a', '2', '11117', NULL, NULL, NULL, NULL, 'admin', '2020-12-07 01:11:27.583', 'admin', '2020-12-07 01:11:27.583', 'LT-000006', NULL, NULL),
('b0949165-70e2-4390-8e8e-fc6b385f45a9', '4f2f8aa1-e9b3-4598-b305-cdcd369571c1', 'ACCOUNTS RECEIVABLE-PATIENTS', '2e78e051-07d7-47c6-ad47-aebb91e21bd9', '1', '11112', NULL, 't', 't', NULL, 'admin', '2020-12-10 04:30:04.099', 'admin', '2020-12-10 05:55:47.942', 'LT-000091', NULL, NULL),
('b11b9160-be6f-4615-92e3-b2db60d266ee', '4f2f8aa1-e9b3-4598-b305-cdcd369571c1', 'TOOLS & KITCHEN EQUIPMENT-DIETARY', '515f72f8-ef9b-4bf8-944d-6ba96333cc04', '1', '13195', NULL, NULL, NULL, NULL, 'admin', '2020-12-07 03:12:03.376', 'admin', '2020-12-07 03:12:03.376', 'LT-000029', NULL, NULL),
('b2f7d137-0358-4523-b202-eac34c2feea1', '4f2f8aa1-e9b3-4598-b305-cdcd369571c1', 'OTHER CURRENT ASSETS', '796ae082-c55a-423e-9b43-c16472b5f40a', '1', '11124', NULL, 't', NULL, NULL, 'admin', '2020-12-07 02:00:43.41', 'admin', '2020-12-09 05:10:10.19', 'LT-000013', NULL, NULL),
('b4440894-78b3-4403-b346-992a7e55cdf0', '4f2f8aa1-e9b3-4598-b305-cdcd369571c1', 'HOSPITAL BUILDING WATERPUMP', '515f72f8-ef9b-4bf8-944d-6ba96333cc04', '1', '13120', NULL, NULL, NULL, NULL, 'admin', '2020-12-07 02:45:01.281', 'admin', '2020-12-07 03:09:23.246', 'LT-000021', NULL, NULL),
('b70a5ca5-8c89-42a3-98a8-085f65e94d2c', '4f2f8aa1-e9b3-4598-b305-cdcd369571c1', 'ALLOWANCES FOR DOUBFUL ACCOUNTS-CORPORATE/PN', '2e78e051-07d7-47c6-ad47-aebb91e21bd9', '1', '11111', NULL, 't', 't', NULL, 'admin', '2020-12-09 09:22:33.657', 'admin', '2020-12-10 05:56:23.135', 'LT-000089', NULL, NULL),
('ba557fc4-b937-48fb-b839-0631dee5652b', '4f2f8aa1-e9b3-4598-b305-cdcd369571c1', 'OTHER CURRENT PAYABLES-OTHER ADVANCES', '4424e46f-0938-493d-ab8c-0972986692b6', '1', '21305', NULL, NULL, NULL, NULL, 'admin', '2020-12-07 09:50:36.759', 'admin', '2020-12-07 09:50:36.759', 'LT-000060', NULL, NULL),
('bd1c5789-fadd-4e11-8495-0df01e547839', '4f2f8aa1-e9b3-4598-b305-cdcd369571c1', 'TAXES PAYABLE-PROPERTY TAX PAYABLE-BUILDING', '4424e46f-0938-493d-ab8c-0972986692b6', '1', '21440', NULL, NULL, NULL, NULL, 'admin', '2020-12-07 10:12:34.047', 'admin', '2020-12-07 10:12:34.047', 'LT-000073', NULL, NULL),
('be73bae5-58f6-4437-b95c-6083d514e111', '4f2f8aa1-e9b3-4598-b305-cdcd369571c1', 'PREPAID EXPENSES', '796ae082-c55a-423e-9b43-c16472b5f40a', '2', '11126', NULL, NULL, NULL, NULL, 'admin', '2020-12-07 02:07:32.383', 'admin', '2020-12-07 02:07:32.383', 'LT-000014', NULL, NULL),
('be8c59f2-72ac-4ae0-984c-6aa62388454a', '4f2f8aa1-e9b3-4598-b305-cdcd369571c1', 'COMPENSATION RELATED-HDMF CONTRIBUTION', '4424e46f-0938-493d-ab8c-0972986692b6', '2', '21180', NULL, NULL, NULL, NULL, 'admin', '2020-12-07 05:39:22.652', 'admin', '2020-12-07 05:39:28.07', 'LT-000046', NULL, NULL),
('bf253ab8-657e-4eba-9286-5cc5355f97a2', '4f2f8aa1-e9b3-4598-b305-cdcd369571c1', 'ACCOUNTS RECEIVABLE-CLEARING', '2e78e051-07d7-47c6-ad47-aebb91e21bd9', '1', '11109', NULL, NULL, NULL, NULL, 'admin', '2020-12-10 04:26:36.209', 'admin', '2020-12-10 04:36:03.751', 'LT-000090', NULL, NULL),
('c0399b85-2af5-4746-a26b-61807b4ffc9a', '8d32b5e0-9eba-49f2-94a1-9705fdfd4b56', 'LESS: COST OF SALES', 'c16f4d54-7e9e-4130-9888-ebaf1f096c38', '4', '1002', NULL, NULL, NULL, NULL, 'admin', '2020-11-18 04:11:31.879', 'admin', '2020-11-18 04:11:31.879', 'LT-000014', NULL, NULL),
('c0761e50-aca3-453b-8a0f-e1165c261719', '4f2f8aa1-e9b3-4598-b305-cdcd369571c1', 'OTHER NON-CURRENT ASSETS', 'f0c7ab0c-1c6d-47b4-96b8-edb7d4062ada', '4', '14000', NULL, 't', NULL, NULL, 'admin', '2020-12-07 03:16:56.648', 'admin', '2020-12-09 05:16:09.355', 'LT-000031', 't', NULL),
('c0b7f154-2322-46c9-8f66-1ec070e0e813', '4f2f8aa1-e9b3-4598-b305-cdcd369571c1', 'EQUITY', NULL, '4', '30000', NULL, 'f', 'f', 'f', 'admin', '2020-11-18 02:04:45.343', 'admin', '2020-11-18 16:20:36.231', 'LT-000008', 't', NULL),
('c11353fe-0edc-4037-ab01-474bd4fd4809', '4f2f8aa1-e9b3-4598-b305-cdcd369571c1', 'HOSPITAL FURNITURES & FIXTURES', '515f72f8-ef9b-4bf8-944d-6ba96333cc04', '1', '13170', NULL, NULL, NULL, NULL, 'admin', '2020-12-07 03:06:09.771', 'admin', '2020-12-08 04:18:24.175', 'LT-000026', NULL, NULL),
('c16f4d54-7e9e-4130-9888-ebaf1f096c38', '8d32b5e0-9eba-49f2-94a1-9705fdfd4b56', 'CENSUS', NULL, '4', '1000', NULL, NULL, NULL, NULL, 'admin', '2020-11-18 04:09:47.251', 'admin', '2020-11-18 16:28:29.998', 'LT-000012', 't', NULL),
('cc6ec6c7-9e69-45d4-a8b9-0047c8ecc66d', '4f2f8aa1-e9b3-4598-b305-cdcd369571c1', 'SALES TAX', '4424e46f-0938-493d-ab8c-0972986692b6', '2', '21370', NULL, NULL, NULL, NULL, 'admin', '2020-12-07 10:02:07.249', 'admin', '2020-12-07 10:02:07.249', 'LT-000068', NULL, NULL),
('d17c059b-8f63-4748-a5a1-2801feb8cb4a', '4f2f8aa1-e9b3-4598-b305-cdcd369571c1', 'OFFICE EQUIPTMENT', '515f72f8-ef9b-4bf8-944d-6ba96333cc04', '1', '13150', NULL, NULL, NULL, NULL, 'admin', '2020-12-07 02:55:38.123', 'admin', '2020-12-07 03:09:34.292', 'LT-000024', NULL, NULL),
('d1c77ba6-7a30-4c74-b963-7d9440885750', '4f2f8aa1-e9b3-4598-b305-cdcd369571c1', 'TOTAL LIABILITY AND EQUITY', NULL, '0', '3600', NULL, NULL, NULL, NULL, 'admin', '2020-12-12 04:53:36.17', 'admin', '2020-12-12 05:40:46.866', 'LT-000097', 'f', 't'),
('d6fb8d6b-9a79-4393-9ab2-f151cac7d26e', '4f2f8aa1-e9b3-4598-b305-cdcd369571c1', 'RETAINED EARNINGS (DEFICIT)', 'c0b7f154-2322-46c9-8f66-1ec070e0e813', '2', '33000', NULL, NULL, NULL, NULL, 'admin', '2020-12-08 07:48:30.89', 'admin', '2020-12-08 07:48:30.89', 'LT-000087', NULL, NULL),
('d6ffd5b1-f40a-41c9-9749-b95ee9707776', '4f2f8aa1-e9b3-4598-b305-cdcd369571c1', 'PREPAID INSURANCE', '796ae082-c55a-423e-9b43-c16472b5f40a', '1', '11127', NULL, 't', NULL, NULL, 'admin', '2020-12-07 02:09:39.79', 'admin', '2020-12-09 05:11:54.48', 'LT-000015', NULL, NULL),
('d8f46f8e-02a8-4247-80f9-c516ab770c82', '4f2f8aa1-e9b3-4598-b305-cdcd369571c1', 'LIABILITIES', NULL, '4', '20000', NULL, 'f', 'f', 'f', 'admin', '2020-11-18 02:04:31.284', 'admin', '2020-11-18 16:20:31.45', 'LT-000007', 't', NULL),
('e180a06a-6c60-4a0c-a56f-4ee398dc65f9', '4f2f8aa1-e9b3-4598-b305-cdcd369571c1', 'OTHER RECEIVABLES', '796ae082-c55a-423e-9b43-c16472b5f40a', '1', '11125', NULL, 't', NULL, NULL, 'admin', '2020-12-06 04:01:52.848', 'admin', '2020-12-09 05:11:01.366', 'LT-000002', NULL, NULL),
('e2efb7d6-bdee-460e-af37-5092234ff3ef', '4f2f8aa1-e9b3-4598-b305-cdcd369571c1', 'TAXES PAYABLE-EWT ON SUPPLIERS OF  SERVICES', '4424e46f-0938-493d-ab8c-0972986692b6', '1', '21430', NULL, NULL, NULL, NULL, 'admin', '2020-12-07 10:07:40.886', 'admin', '2020-12-07 10:07:40.886', 'LT-000072', NULL, NULL),
('e3032efc-4339-4eb8-866e-46d035c8e73e', '4f2f8aa1-e9b3-4598-b305-cdcd369571c1', 'RETENTION PAYABLE', '4424e46f-0938-493d-ab8c-0972986692b6', '2', '21360', NULL, NULL, NULL, NULL, 'admin', '2020-12-07 10:01:20.434', 'admin', '2020-12-07 10:01:20.434', 'LT-000067', NULL, NULL),
('e5c357ef-da9b-4830-91cd-f89146b921d5', '4f2f8aa1-e9b3-4598-b305-cdcd369571c1', 'FOOD SUPPLIES - INVENTORY', '796ae082-c55a-423e-9b43-c16472b5f40a', '1', '11118', NULL, 't', NULL, NULL, 'admin', '2020-12-07 01:12:52.802', 'admin', '2020-12-09 05:08:13.054', 'LT-000007', NULL, NULL),
('e882b7ca-3a9d-43f3-a0fa-5ea414d023d8', '4f2f8aa1-e9b3-4598-b305-cdcd369571c1', 'OTHER CURRENT PAYABLES-ACCRUED PAYABLES', '4424e46f-0938-493d-ab8c-0972986692b6', '1', '21302', NULL, NULL, NULL, NULL, 'admin', '2020-12-07 06:39:11.164', 'admin', '2020-12-07 06:39:11.164', 'LT-000057', NULL, NULL),
('ebbc4154-618e-4aef-9847-f867d6bf5bda', '4f2f8aa1-e9b3-4598-b305-cdcd369571c1', 'ADVANCES FROM SHAREHOLDERS-ADVANCES FROM NON-FOUNDERS', '6b3dc36d-a7e6-4fee-9c49-dd66b815b409', '1', '22100', NULL, NULL, NULL, NULL, 'admin', '2020-12-07 15:51:41.652', 'admin', '2020-12-07 15:53:19.572', 'LT-000079', NULL, NULL),
('ee31b87f-d5cc-4136-9450-21b9fb5c1872', '4f2f8aa1-e9b3-4598-b305-cdcd369571c1', 'MEDICAL  EQUIPTMENT', '515f72f8-ef9b-4bf8-944d-6ba96333cc04', '1', '13140', NULL, NULL, NULL, NULL, 'admin', '2020-12-07 02:54:37.785', 'admin', '2020-12-07 03:09:29.775', 'LT-000023', NULL, NULL),
('eebeab65-9cac-4274-95cc-1b49364fed5f', '4f2f8aa1-e9b3-4598-b305-cdcd369571c1', 'TAXES PAYABLE-WITHOLDING TAX OTHERS', '4424e46f-0938-493d-ab8c-0972986692b6', '1', '21470', NULL, NULL, NULL, NULL, 'admin', '2020-12-07 15:29:39.889', 'admin', '2020-12-07 15:29:39.889', 'LT-000076', NULL, NULL),
('eff249c8-28ff-40f1-b5c3-4ac134962677', '4f2f8aa1-e9b3-4598-b305-cdcd369571c1', 'TOTAL EQUITY', 'c0b7f154-2322-46c9-8f66-1ec070e0e813', '0', '35000', NULL, NULL, NULL, NULL, 'admin', '2020-12-11 16:42:31.609', 'admin', '2020-12-12 01:14:30.747', 'LT-000095', 't', NULL),
('f0c7ab0c-1c6d-47b4-96b8-edb7d4062ada', '4f2f8aa1-e9b3-4598-b305-cdcd369571c1', 'ASSETS', NULL, '4', '10000', NULL, 'f', 'f', 'f', 'admin', '2020-11-18 02:03:29.296', 'admin', '2020-11-18 16:20:21.962', 'LT-000006', 't', NULL),
('f18363e9-643f-4660-b7d5-b64c0b8fb6fb', '4f2f8aa1-e9b3-4598-b305-cdcd369571c1', 'COMPENSATION RELATED-SSS CONTRIBUTIONS', '4424e46f-0938-493d-ab8c-0972986692b6', '2', '21183', NULL, NULL, NULL, NULL, 'admin', '2020-12-07 05:46:59.718', 'admin', '2020-12-07 05:47:12.625', 'LT-000049', NULL, NULL),
('f3d9acc4-a2df-4d6a-9453-155d7383ba7f', '4f2f8aa1-e9b3-4598-b305-cdcd369571c1', 'PREPAID RENT', '796ae082-c55a-423e-9b43-c16472b5f40a', '2', '11128', NULL, NULL, NULL, NULL, 'admin', '2020-12-07 02:27:22.674', 'admin', '2020-12-07 02:27:22.674', 'LT-000016', NULL, NULL),
('f4617255-4999-401c-93c4-0c3a08f64ad7', '4f2f8aa1-e9b3-4598-b305-cdcd369571c1', 'COMPENSATION RELATED-HDMF LOANS', '4424e46f-0938-493d-ab8c-0972986692b6', '2', '21181', NULL, NULL, NULL, NULL, 'admin', '2020-12-07 05:40:21.202', 'admin', '2020-12-07 05:40:21.202', 'LT-000047', NULL, NULL),
('f5844a14-e0bc-4d32-8494-8f360a74f875', '4f2f8aa1-e9b3-4598-b305-cdcd369571c1', 'BANK LOAN-EQUIPMENT', '4424e46f-0938-493d-ab8c-0972986692b6', '1', '21201', NULL, NULL, NULL, NULL, 'admin', '2020-12-07 06:31:00.418', 'admin', '2020-12-07 06:31:00.418', 'LT-000053', NULL, NULL),
('f71429dd-133c-4d67-8553-cb6f9d738585', '8d32b5e0-9eba-49f2-94a1-9705fdfd4b56', 'ANCILLARY INCOME', NULL, '1', '2000', NULL, NULL, NULL, NULL, 'admin', '2020-11-18 04:13:52.783', 'admin', '2020-11-18 16:28:36.292', 'LT-000016', 't', NULL),
('f743b12d-0d8f-4b26-8cf2-ad304c2681fd', '4f2f8aa1-e9b3-4598-b305-cdcd369571c1', 'TAXES PAYABLE-EWT ON COMPENSATION', '4424e46f-0938-493d-ab8c-0972986692b6', '1', '21420', NULL, NULL, NULL, NULL, 'admin', '2020-12-07 10:05:26.142', 'admin', '2020-12-07 10:05:26.142', 'LT-000071', NULL, NULL),
('f927ffdb-a529-4f4c-a9cd-32668717380d', '4f2f8aa1-e9b3-4598-b305-cdcd369571c1', 'DEFERRED TAX ASSET', 'c0761e50-aca3-453b-8a0f-e1165c261719', '2', '14100', NULL, NULL, NULL, NULL, 'admin', '2020-12-07 04:18:49.305', 'admin', '2020-12-07 04:18:49.305', 'LT-000032', NULL, NULL),
('fa7c553e-0f11-4e7e-bbef-2447fff371ed', '4f2f8aa1-e9b3-4598-b305-cdcd369571c1', 'BANK LOAN-WORKING CAPITAL', '4424e46f-0938-493d-ab8c-0972986692b6', '1', '21202', NULL, NULL, NULL, NULL, 'admin', '2020-12-07 06:32:48.356', 'admin', '2020-12-07 06:32:48.356', 'LT-000054', NULL, NULL),
('ff2ab607-8592-4a87-8b82-cf14ffeebfc0', '4f2f8aa1-e9b3-4598-b305-cdcd369571c1', 'TOTAL NON-CURRENT ASSETS', 'f0c7ab0c-1c6d-47b4-96b8-edb7d4062ada', '0', '14111', NULL, NULL, NULL, NULL, 'admin', '2020-12-07 05:01:52.433', 'admin', '2020-12-12 01:29:03.022', 'LT-000035', 't', NULL);



INSERT INTO "accounting"."source_line_type" ("id", "line_type", "operation_type", "created_by", "created_date", "last_modified_by", "last_modified_date", "code", "linetype_parent") VALUES
('2421267a-4ba6-4f28-b90d-54157a94cb53', '796ae082-c55a-423e-9b43-c16472b5f40a', 'ADD', 'admin', '2020-12-12 01:21:13.609', 'admin', '2020-12-12 01:21:13.609', 'RST-000130', '8cffc414-e999-4387-8703-1e7986ceab5d'),
('3b461506-0554-42d9-857e-08fd252b277c', '9629e0e7-4233-4fdd-869b-239f603ae174', 'ADD', 'admin', '2020-12-12 05:31:23.019', 'admin', '2020-12-12 05:31:23.019', 'RST-000137', 'd1c77ba6-7a30-4c74-b963-7d9440885750'),
('3c20a400-fc3c-4753-9957-87259ce19994', 'eff249c8-28ff-40f1-b5c3-4ac134962677', 'ADD', 'admin', '2020-12-12 05:31:39.531', 'admin', '2020-12-12 05:31:39.531', 'RST-000139', 'd1c77ba6-7a30-4c74-b963-7d9440885750'),
('486a6dbb-b83d-47d2-a346-65a9246ef1d7', '5f7279a3-dc69-419e-bf0a-4c717f7164f6', 'ADD', 'admin', '2020-12-12 01:14:38.65', 'admin', '2020-12-12 01:14:38.65', 'RST-000126', 'eff249c8-28ff-40f1-b5c3-4ac134962677'),
('4d2ac7da-8887-4a90-abe0-a2971aa49807', 'ff2ab607-8592-4a87-8b82-cf14ffeebfc0', 'ADD', 'admin', '2020-12-12 04:58:36.762', 'admin', '2020-12-12 04:58:36.762', 'RST-000136', '02d38194-aaa9-4806-9f5c-b06633d746af'),
('65c0d189-7f70-4a36-9ecc-3ec37756e2be', '8cffc414-e999-4387-8703-1e7986ceab5d', 'ADD', 'admin', '2020-12-12 04:58:20.604', 'admin', '2020-12-12 04:58:20.604', 'RST-000135', '02d38194-aaa9-4806-9f5c-b06633d746af'),
('77a6d8c2-3da4-4330-a1c4-c330ad301719', 'c0761e50-aca3-453b-8a0f-e1165c261719', 'ADD', 'admin', '2020-12-12 01:29:29.241', 'admin', '2020-12-12 01:29:29.241', 'RST-000132', 'ff2ab607-8592-4a87-8b82-cf14ffeebfc0'),
('91e70049-e0d5-4cd0-a0dd-4aca4bcd55b3', '4424e46f-0938-493d-ab8c-0972986692b6', 'ADD', 'admin', '2020-12-12 01:54:59.323', 'admin', '2020-12-12 01:54:59.323', 'RST-000133', '9629e0e7-4233-4fdd-869b-239f603ae174'),
('93d253b4-a9e8-4e0a-9ff4-7f73cecfdf63', '12190a19-8913-4445-bf3a-07152b7cfd80', 'ADD', 'admin', '2020-12-12 01:15:13.108', 'admin', '2020-12-12 01:15:13.108', 'RST-000129', 'eff249c8-28ff-40f1-b5c3-4ac134962677'),
('ac3c10ff-5934-47eb-b983-0e7949f72d68', '9d72682c-f9b0-45ad-811a-0982aa900936', 'ADD', 'admin', '2020-12-12 01:29:14.961', 'admin', '2020-12-12 01:29:14.961', 'RST-000131', 'ff2ab607-8592-4a87-8b82-cf14ffeebfc0'),
('cd56a922-9205-48cf-80b4-7c84ae6c633a', '6b3dc36d-a7e6-4fee-9c49-dd66b815b409', 'ADD', 'admin', '2020-12-12 04:44:29.646', 'admin', '2020-12-12 04:44:29.646', 'RST-000134', '5aaaf3cf-c0c8-4b29-8e17-ba4b0d1885b0'),
('cf0e3d66-a068-4bd2-b810-ed419b000b92', '5aaaf3cf-c0c8-4b29-8e17-ba4b0d1885b0', 'ADD', 'admin', '2020-12-12 05:31:31.259', 'admin', '2020-12-12 05:31:31.259', 'RST-000138', 'd1c77ba6-7a30-4c74-b963-7d9440885750'),
('deff3a13-0820-46fd-b960-c13b6241f458', 'd6fb8d6b-9a79-4393-9ab2-f151cac7d26e', 'ADD', 'admin', '2020-12-12 01:15:00.131', 'admin', '2020-12-12 01:15:00.131', 'RST-000128', 'eff249c8-28ff-40f1-b5c3-4ac134962677'),
('e6b997ba-c61b-45bb-b9d9-cb07fba5f76e', '0e9c4353-c7f0-4251-a794-c9f7cba812ac', 'ADD', 'admin', '2020-12-12 01:14:50.642', 'admin', '2020-12-12 01:14:50.642', 'RST-000127', 'eff249c8-28ff-40f1-b5c3-4ac134962677');

--------- chart of account
INSERT INTO "accounting"."source_motheraccounts" ("id", "line_type", "chart_of_accounts", "value_type", "created_by", "created_date", "last_modified_by", "last_modified_date", "code") VALUES
('053fc7c5-40de-47af-a9eb-4b30d4471305', '1d89825b-7a7b-4948-8d35-a9247f93fcc3', '10c33bb3-9801-4734-81eb-614ef77df8ad', '2', 'admin', '2020-12-08 04:14:05.724', 'admin', '2020-12-08 04:14:05.724', 'RST-000093'),
('23747802-62b6-4151-b83c-4e306dd9de25', '1ab7ad2e-193b-4c8b-b0ae-8095c98a4cb7', '29df4aaa-09b5-4b3e-b8be-667a4ff45e3f', '2', 'admin', '2020-12-07 06:26:06.471', 'admin', '2020-12-07 06:26:06.471', 'RST-000063'),
('2aa0298f-3b17-4098-adca-3216ad56a0fb', '8b3ecff8-b7ae-46a1-95b9-2b3d7d5eea05', '2d27955b-e8fa-4030-94f1-abe4ef381317', '2', 'admin', '2020-12-06 04:51:36.04', 'admin', '2020-12-06 04:51:36.04', 'RST-000018'),
('2b57ebe2-fc00-44d6-9c46-b32ccf55cf34', 'f4617255-4999-401c-93c4-0c3a08f64ad7', 'fceba4cf-8479-4af7-b7c8-e461e657855d', '2', 'admin', '2020-12-07 05:40:30.599', 'admin', '2020-12-07 05:40:30.599', 'RST-000059'),
('2c225725-e94c-4fa3-aa9f-881222bb94e5', '0e9c4353-c7f0-4251-a794-c9f7cba812ac', '429d68a9-3c47-48bf-888a-47caa3e4538f', '2', 'admin', '2020-12-08 07:48:07.52', 'admin', '2020-12-08 07:48:07.52', 'RST-000105'),
('2e29496c-4464-4ba0-8add-15cea6b3a8a7', 'af40e4bc-b677-41c7-8b97-b9aa4926fe2f', '992d21de-f491-4a8b-a2e2-9a16a93ef780', '2', 'admin', '2020-12-07 01:11:46.287', 'admin', '2020-12-07 01:11:46.287', 'RST-000019'),
('42720508-fdee-44f1-b464-feb2a7706a89', '003b50eb-666a-4b5c-9bed-1e03ae07d42e', 'bb64146d-f1ff-4f40-bff0-cbe784730654', '2', 'admin', '2020-12-07 05:42:52.28', 'admin', '2020-12-07 05:42:52.28', 'RST-000060'),
('4bf14d1f-f56e-41e3-8368-af891a949ac7', '6b1a7a9a-1e08-4d31-a182-23c4cc4ecfe7', '038fd283-385a-4949-be74-c5f61c7fde2f', '2', 'admin', '2020-12-07 05:48:18.881', 'admin', '2020-12-07 05:48:18.881', 'RST-000062'),
('4ede2302-4427-49f8-ba8c-1251f9ba5e15', '81c85875-f539-45c5-b8fe-059d3c19b091', '3f8b92b9-3f07-4e66-a1e7-08809d0942b0', '2', 'admin', '2020-12-07 10:00:21.578', 'admin', '2020-12-07 10:00:21.578', 'RST-000078'),
('4f1dd568-e26b-446a-ac3b-60baa79547f1', '5f7279a3-dc69-419e-bf0a-4c717f7164f6', '36e57324-5aad-412c-bba0-62ca3f014369', '2', 'admin', '2020-12-08 07:47:29.946', 'admin', '2020-12-08 07:47:29.946', 'RST-000104'),
('56f2a932-ad6f-41d5-b5ba-8e38ea5dee92', '261d214e-be0f-49ef-997f-345ed4d05178', 'a3881ffc-ce44-460a-91eb-d9dc2a70b6a7', '2', 'admin', '2020-12-06 04:50:45.502', 'admin', '2020-12-06 04:50:45.502', 'RST-000017'),
('6763e646-4501-4943-a42b-e4533f35dc4f', '9e0275d7-aaef-4c27-b9c6-f3ef99398df1', '83b77bec-67b8-4305-97a5-89b0baed47f8', '2', 'admin', '2020-12-07 05:38:22.418', 'admin', '2020-12-07 05:38:22.418', 'RST-000057'),
('67f6cb9b-adfb-4a66-8910-66ceff7a0cfe', 'be73bae5-58f6-4437-b95c-6083d514e111', 'fe9bcf8b-4773-45b8-bea1-03921e8b18d0', '2', 'admin', '2020-12-07 02:07:41.069', 'admin', '2020-12-07 02:07:41.069', 'RST-000033'),
('6f72b6d2-2ebf-4301-ad19-17520fed3780', '4ea0dbf4-9f11-4749-91ba-26f62fbf3692', '3a9796e0-bd28-40ad-a7a3-da953c99bc6b', '2', 'admin', '2020-12-07 09:55:52.545', 'admin', '2020-12-07 09:55:52.545', 'RST-000076'),
('746caf44-fae2-4d2f-bc13-6f64d73ede1b', '12190a19-8913-4445-bf3a-07152b7cfd80', '27221b65-ca59-4602-bc48-71432eb72580', '2', 'admin', '2020-12-09 15:03:37.545', 'admin', '2020-12-09 15:03:37.545', 'RST-000112'),
('8b0fb998-7310-4170-9c86-bd4551ad3da7', '74e78fb0-ec89-49bf-b7f6-0e55faa43be6', '724cee20-70b1-46a3-987b-746452190581', '2', 'admin', '2020-12-07 02:30:09.604', 'admin', '2020-12-07 02:30:09.604', 'RST-000039'),
('91bb03fa-0f56-45f3-951b-e8c9e10c29da', '64314cae-ef15-4b50-9018-b72046e13070', '9137a77c-ff96-44cd-89f1-7e5c89346068', '2', 'admin', '2020-12-07 01:25:26.826', 'admin', '2020-12-07 01:25:26.826', 'RST-000024'),
('94f3596a-6ba8-4c1e-a42b-35407b8183e9', 'd6fb8d6b-9a79-4393-9ab2-f151cac7d26e', '7447bf5e-9693-4f2c-b762-88f7eac4442b', '2', 'admin', '2020-12-08 07:48:39.306', 'admin', '2020-12-08 07:48:39.306', 'RST-000106'),
('a4f1664e-9c1d-41d1-ba85-f8153c5acc81', 'f927ffdb-a529-4f4c-a9cd-32668717380d', '35fd61bd-99c4-4942-b784-c875687bc574', '2', 'admin', '2020-12-08 04:20:32.75', 'admin', '2020-12-08 04:20:32.75', 'RST-000100'),
('b01eece6-c082-4ea6-b94f-23cb9eabeed0', 'be8c59f2-72ac-4ae0-984c-6aa62388454a', '004f637e-c17b-4aa9-a273-7a7c9b7f7922', '2', 'admin', '2020-12-07 05:39:39.055', 'admin', '2020-12-07 05:39:39.055', 'RST-000058'),
('b67588dc-041b-4b24-b794-4a9677cb85e1', 'cc6ec6c7-9e69-45d4-a8b9-0047c8ecc66d', 'a083c635-7e01-465d-b110-d3f1ec0f1d7c', '2', 'admin', '2020-12-07 10:02:17.867', 'admin', '2020-12-07 10:02:17.867', 'RST-000080'),
('d9f040fc-be2c-4288-809c-d52e8e377aa4', 'f3d9acc4-a2df-4d6a-9453-155d7383ba7f', 'a71b1219-8762-4abc-8c7d-e99615e98923', '2', 'admin', '2020-12-07 02:27:31.818', 'admin', '2020-12-07 02:27:31.818', 'RST-000037'),
('e60ee96d-20ef-43f8-9280-63977ead4a3a', 'e3032efc-4339-4eb8-866e-46d035c8e73e', 'eea3fdeb-207e-4027-b5e3-0bd77d22ca1b', '2', 'admin', '2020-12-07 10:01:28.78', 'admin', '2020-12-07 10:01:28.78', 'RST-000079'),
('f58651c4-a6a1-48ad-95b0-33e72770d126', 'f18363e9-643f-4660-b7d5-b64c0b8fb6fb', '9ced0bb1-01f0-4b26-9404-6dfac2a18a64', '2', 'admin', '2020-12-07 05:47:19.626', 'admin', '2020-12-07 05:47:19.626', 'RST-000061');

-----subccount setup
INSERT INTO "accounting"."source_subaccount" ("id", "line_type", "subaccount", "value_type", "created_by", "created_date", "last_modified_by", "last_modified_date", "code") VALUES
('044fa582-0d36-4d86-876e-7c5298be1275', 'e882b7ca-3a9d-43f3-a0fa-5ea414d023d8', '050650b3-98b2-4e24-83a2-0f7ac75dbb6e', '2', 'admin', '2020-12-07 06:39:18.161', 'admin', '2020-12-07 06:39:18.161', 'RST-000068'),
('07868f4d-a35d-4974-94ad-d25e25fd368b', 'ba557fc4-b937-48fb-b839-0631dee5652b', '5e6783f1-ff44-44f0-9d56-65ca615b55ae', '2', 'admin', '2020-12-07 09:52:58.181', 'admin', '2020-12-07 09:52:58.181', 'RST-000072'),
('080550b3-4287-44f5-8bba-5f03f40133e8', '924f977f-7d5f-4c27-9cc5-e65f2f76b186', '49b2ce81-9daf-4963-b522-652f49cffcb5', '2', 'admin', '2020-12-07 01:28:40.644', 'admin', '2020-12-07 01:28:40.644', 'RST-000025'),
('0860e089-a498-4087-af16-89aac5505824', '6fd68d66-0a4e-4ad4-9f22-980eebae9fcd', '76523ad0-1334-4cd7-9d88-628df805996f', '2', 'admin', '2020-12-07 03:10:39.675', 'admin', '2020-12-07 03:10:39.675', 'RST-000046'),
('0ca55bf5-2c6c-4409-b66f-81413fdba884', 'b0949165-70e2-4390-8e8e-fc6b385f45a9', 'a7ad1076-0eac-4227-873a-b12a38e8530a', '2', 'admin', '2020-12-10 04:31:06.644', 'admin', '2020-12-10 04:31:06.644', 'RST-000114'),
('0ccce6d9-a9e6-4630-ad21-531b01b97517', 'a667d1b2-cbd1-4f78-a26b-d7b14586f256', 'ad314557-b26e-44f0-bca4-b544a9dd69f9', '2', 'admin', '2020-12-07 15:31:09.404', 'admin', '2020-12-07 15:31:09.404', 'RST-000090'),
('10e3fff7-1715-46dc-84a7-312330bfa712', 'd6ffd5b1-f40a-41c9-9749-b95ee9707776', '2f40a016-17b2-43e2-b52a-9933cd57c8a7', '2', 'admin', '2020-12-07 02:09:49.419', 'admin', '2020-12-07 02:09:49.419', 'RST-000034'),
('10e613bb-3b4e-447d-9888-526c8e2ea907', 'f743b12d-0d8f-4b26-8cf2-ad304c2681fd', 'a35d88a7-6109-473b-84ad-b0d9125b9cd7', '2', 'admin', '2020-12-07 10:05:32.414', 'admin', '2020-12-07 10:05:32.414', 'RST-000083'),
('11491437-d9a6-4cee-93c9-f5c6ba103241', '61957b58-c45b-4507-9e58-1e551d682577', '789395da-c78f-4933-99a5-05c1f193ccec', '2', 'admin', '2020-12-07 05:37:38.747', 'admin', '2020-12-07 05:37:38.747', 'RST-000056'),
('14623e5a-b29b-4d38-b594-2dfbb8e0b71f', '61f89b9d-3c19-4e0c-b9ea-7f7015722add', '0ebf62c5-6da6-4c71-ad64-671f757c23e6', '2', 'admin', '2020-12-10 05:58:22.786', 'admin', '2020-12-10 05:58:22.786', 'RST-000119'),
('18466542-20cd-489a-97aa-a287fa9d9620', 'f5844a14-e0bc-4d32-8494-8f360a74f875', 'd1d686a9-f4bf-4b31-9576-8938bb0511c6', '2', 'admin', '2020-12-07 06:31:14.304', 'admin', '2020-12-07 06:31:14.304', 'RST-000065'),
('1a33b23b-7da6-43c0-ae40-0178a6751a18', '3a84a514-f127-4175-85fe-5d8a351825a1', '532961b3-4eed-49de-8920-8c64641e2b8d', '2', 'admin', '2020-12-07 10:25:30.485', 'admin', '2020-12-07 10:25:30.485', 'RST-000087'),
('1d0d9bc6-3622-4a46-af27-5ad00945f067', '0cec035c-c16c-4c28-a714-67881a0a7b0e', 'b518db22-6365-47f6-88ed-de920a75f535', '2', 'admin', '2020-12-07 09:53:06.367', 'admin', '2020-12-07 09:53:06.367', 'RST-000073'),
('24b55efc-a75b-4f77-9c8d-548e709505e5', '4da46b04-8c25-4be0-af22-b1cad3f295a1', '6fa673c4-86cc-48ec-95a7-1e2f793e0f61', '2', 'admin', '2020-12-06 03:49:46.145', 'admin', '2020-12-06 03:49:46.145', 'RST-000004'),
('2585e5db-b71f-4178-a1d9-5bed264d79f1', 'd6ffd5b1-f40a-41c9-9749-b95ee9707776', 'ece436e5-fcbe-45b5-b497-5830e9c78a22', '2', 'admin', '2020-12-07 02:10:11.229', 'admin', '2020-12-07 02:10:11.229', 'RST-000035'),
('2721efe9-3c7c-408d-aca2-b0b0c375a915', '8d359e8f-4b7f-4b40-979c-d04b9b8ffa76', '14e1a9aa-7cb7-41e3-8c8e-75f93153d30e', '2', 'admin', '2020-12-07 05:14:16.182', 'admin', '2020-12-07 05:14:16.182', 'RST-000052'),
('2b5d21af-aff2-43b1-baa0-6b6e40879e06', '584567ba-0722-42c6-885c-f86f2f407d43', '9d3cbd3c-2f11-4d7c-959b-463a72798dd6', '2', 'admin', '2020-12-07 01:22:45.213', 'admin', '2020-12-07 01:22:45.213', 'RST-000023'),
('2ccb927f-eb24-4338-a24d-565c6a257ebf', 'b70a5ca5-8c89-42a3-98a8-085f65e94d2c', '6d334abb-9aff-4923-a0ab-75987a2e5a3d', '2', 'admin', '2020-12-09 09:25:16.718', 'admin', '2020-12-09 09:25:16.718', 'RST-000107'),
('2dbe3a78-dde0-4b08-a60c-e3a377acbb82', '0f2e887f-4bdf-488a-a1ad-80ea53fdcfa6', '125e9aac-35cc-4d84-923e-a54aea83aad3', '2', 'admin', '2020-12-07 09:53:12.815', 'admin', '2020-12-07 09:53:12.815', 'RST-000074'),
('2e12d077-9fc6-40b7-b647-ad63da179c00', 'b11b9160-be6f-4615-92e3-b2db60d266ee', '34e85a26-b262-4201-b509-ed41f51e5329', '2', 'admin', '2020-12-08 04:17:27.654', 'admin', '2020-12-08 04:17:27.654', 'RST-000098'),
('3528abf5-866e-4a7b-af97-b0969f2d5810', '5c0ff4cd-3256-49de-bb10-36d23d2b7f06', '8268386e-a585-4a15-bcca-5cd52cb644dd', '2', 'admin', '2020-12-07 06:28:27.279', 'admin', '2020-12-07 06:28:27.279', 'RST-000064'),
('3dafc3bf-b018-4dd9-85ed-b5e3b927e47c', '6913d13e-251b-42b5-8152-ed47e0777bd0', 'd1d686a9-f4bf-4b31-9576-8938bb0511c6', '2', 'admin', '2020-12-08 07:39:22.55', 'admin', '2020-12-08 07:39:22.55', 'RST-000102'),
('405e9738-7ab5-460f-9853-a14f80331652', '61f89b9d-3c19-4e0c-b9ea-7f7015722add', '18a2606b-2821-4421-a185-b93dc63a87a7', '2', 'admin', '2020-12-10 05:58:31.137', 'admin', '2020-12-10 05:58:31.137', 'RST-000120'),
('43ef084d-869a-4957-a457-5ad350a59daa', 'b0949165-70e2-4390-8e8e-fc6b385f45a9', 'ac32e4fa-0dfe-411d-9e41-7e82ed069840', '2', 'admin', '2020-12-10 04:32:17.449', 'admin', '2020-12-10 04:32:17.449', 'RST-000117'),
('4423a809-e963-414d-9b7e-914da6fc9732', '0dcbfff3-31d9-4ca5-b0c8-a6935d5cdc11', '8268386e-a585-4a15-bcca-5cd52cb644dd', '2', 'admin', '2020-12-08 04:28:05.463', 'admin', '2020-12-08 04:28:05.463', 'RST-000101'),
('46052ac0-3b99-4059-a880-6fce6d97d63b', 'e180a06a-6c60-4a0c-a56f-4ee398dc65f9', 'c0357732-1c08-44e6-8f7d-b56edc11495c', '2', 'admin', '2020-12-06 04:11:57.076', 'admin', '2020-12-06 04:11:57.076', 'RST-000016'),
('48920b1f-b3cd-4374-82cb-5634d8b5d6bb', '5b8e07b6-c79a-4a94-9ca3-344534552010', 'a8d79867-9367-4023-90c9-245f1389cb9a', '2', 'admin', '2020-12-07 05:14:54.848', 'admin', '2020-12-07 05:14:54.848', 'RST-000053'),
('4e5bbcf5-f4f0-4f5f-b301-50fbee4edb87', '927198d3-ab79-445e-800d-074135815a62', '1cf23bd5-5a8c-465d-8724-0619005b166c', '2', 'admin', '2020-12-07 03:14:07.283', 'admin', '2020-12-07 03:14:07.283', 'RST-000047'),
('4f24911b-70f6-4ca2-8dea-02c9150cca37', '445a003d-3ed7-4b81-985b-1a117b34c3ce', 'ed95eac7-dbb9-4337-a1a3-a734188fcc97', '2', 'admin', '2020-12-07 09:44:46.949', 'admin', '2020-12-07 09:44:46.949', 'RST-000069'),
('55b93f97-6135-4575-9ad7-d42b72906898', '4da46b04-8c25-4be0-af22-b1cad3f295a1', 'f78f76c8-4d70-4755-9d66-1579eb1d00b5', '2', 'admin', '2020-12-06 03:50:57.927', 'admin', '2020-12-06 03:50:57.927', 'RST-000006'),
('572d7b72-956b-48a2-bc8e-b92f8e0049bb', 'bd1c5789-fadd-4e11-8495-0df01e547839', 'af6635e7-14df-46c6-a52b-c32a0c247ca8', '2', 'admin', '2020-12-07 10:12:50.44', 'admin', '2020-12-07 10:12:50.44', 'RST-000085'),
('588bfc56-31e4-47ef-a60a-22f7c7155ac4', '053586c2-2aab-4570-b547-98ef669abf43', '1cea38a7-c814-4a68-ac5f-f3c90f002102', '2', 'admin', '2020-12-08 07:39:30.737', 'admin', '2020-12-08 07:39:30.737', 'RST-000103'),
('5a510f82-6f48-4c25-8836-737661a8caba', '962a7617-4f73-4c3d-a31b-6417cd5896bb', '57130fec-366f-4466-8e60-458b4516a88b', '2', 'admin', '2020-12-07 10:25:40.216', 'admin', '2020-12-07 10:25:40.216', 'RST-000088'),
('5c36ecca-8c5c-4475-9802-1ef1d967a140', 'ab893db1-04bb-4322-af47-b8cfbb22db16', '6a45080f-df64-4ac7-afa0-1866daf78739', '2', 'admin', '2020-12-07 04:42:28.419', 'admin', '2020-12-07 04:42:28.419', 'RST-000048'),
('63083a36-f0f1-4a05-bf9a-511a3228f46a', '4da46b04-8c25-4be0-af22-b1cad3f295a1', 'e7639e17-0793-44f3-bd97-3f3e42b22174', '2', 'admin', '2020-12-06 03:51:13.605', 'admin', '2020-12-06 03:51:13.605', 'RST-000007'),
('6c33d896-69eb-4f59-85c9-f90e1acc8740', '61f89b9d-3c19-4e0c-b9ea-7f7015722add', 'ac32e4fa-0dfe-411d-9e41-7e82ed069840', '2', 'admin', '2020-12-10 05:58:39.196', 'admin', '2020-12-10 05:58:39.196', 'RST-000121'),
('6d6895e6-a486-4ee6-a8a1-92f992a4cb0b', '73bb53bc-9a37-4440-b2d3-849f6f5c2d0d', '0e47eeeb-1db5-4b45-9ae6-0bb794155b54', '2', 'admin', '2020-12-07 05:12:38.104', 'admin', '2020-12-07 05:12:38.104', 'RST-000051'),
('6e23072a-6ba2-4419-b473-6f71797182d1', '50b20865-af56-422f-9a22-43e19f7c5de9', '831277cc-9036-4146-b310-4f5d882bcd0f', '2', 'admin', '2020-12-07 02:29:11.5', 'admin', '2020-12-07 02:29:11.5', 'RST-000038'),
('6f8db4b2-6154-4971-9887-9a6a710a8ec6', 'ebbc4154-618e-4aef-9847-f867d6bf5bda', '34a304c8-038f-44cc-9845-45545797e3d8', '2', 'admin', '2020-12-07 15:53:25.696', 'admin', '2020-12-07 15:53:25.696', 'RST-000091'),
('74854acb-fe71-4ffd-a428-28593a15f446', '61f89b9d-3c19-4e0c-b9ea-7f7015722add', 'a7ad1076-0eac-4227-873a-b12a38e8530a', '2', 'admin', '2020-12-10 05:58:14.166', 'admin', '2020-12-10 05:58:14.166', 'RST-000118'),
('775b5452-a4cd-4673-b8a5-3c60300271ba', '4da46b04-8c25-4be0-af22-b1cad3f295a1', '9894f3ce-c956-4456-8bfb-d8e92db2a31d', '2', 'admin', '2020-12-06 03:48:21.728', 'admin', '2020-12-06 03:48:21.728', 'RST-000001'),
('7c8c4933-cf58-4034-b894-dfbb95d7ec95', '1e07e4e2-3b10-4e12-a80f-5497d67da30a', '13938ae1-bcd5-4717-96f8-971137eca76a', '2', 'admin', '2020-12-07 05:23:58.53', 'admin', '2020-12-07 05:23:58.53', 'RST-000055'),
('7cbe09f0-96c5-43e1-b249-05f4cb5c2765', '4da46b04-8c25-4be0-af22-b1cad3f295a1', 'ca08d089-c633-4a13-8967-2e40d72a9b80', '2', 'admin', '2020-12-06 03:48:57.153', 'admin', '2020-12-06 03:48:57.153', 'RST-000003'),
('80102428-d906-4bd8-8cdf-b19f4a81caa3', '584567ba-0722-42c6-885c-f86f2f407d43', 'ea9fa63f-81b9-451d-a759-a2b9d363a987', '2', 'admin', '2020-12-07 01:22:23.868', 'admin', '2020-12-07 01:22:23.868', 'RST-000022'),
('85d8b660-4258-41f2-8159-b56450bcada2', '15ff4e3b-be2d-4c69-9888-d13e9b1a6709', 'fd63159e-3bbb-4e4c-b38d-bf31263b248e', '2', 'admin', '2020-12-07 01:31:47.068', 'admin', '2020-12-07 01:31:47.068', 'RST-000027'),
('8ba0b251-a27f-4768-8bad-8cb36d65198e', 'e5c357ef-da9b-4830-91cd-f89146b921d5', '983c2619-3c37-4c74-8cd2-bc2f70b9390b', '2', 'admin', '2020-12-07 01:13:19.774', 'admin', '2020-12-07 01:13:19.774', 'RST-000020'),
('8c471fb5-7e2b-41bf-99fd-9b735ca481ba', 'ab893db1-04bb-4322-af47-b8cfbb22db16', 'ec255cde-a09d-40a2-93fc-30512876063a', '2', 'admin', '2020-12-07 04:42:40.395', 'admin', '2020-12-07 04:42:40.395', 'RST-000049'),
('8d0909b7-7d6b-43aa-8b28-e79d7609307b', '7ac0c75f-59b6-4717-9f62-a533d322a6fa', '1ddade9b-b0db-4c90-818e-62446e5bd784', '2', 'admin', '2020-12-07 09:52:48.621', 'admin', '2020-12-07 09:52:48.621', 'RST-000071'),
('8d59a3df-168b-4916-9123-65ac00ec711f', '4da46b04-8c25-4be0-af22-b1cad3f295a1', 'db26e933-cd09-4f40-b054-f40d73caf4db', '2', 'admin', '2020-12-06 03:50:14.417', 'admin', '2020-12-06 03:50:14.417', 'RST-000005'),
('9658d44f-9196-4a1c-9741-732c2268caf8', 'd17c059b-8f63-4748-a5a1-2801feb8cb4a', '470d7db3-ed81-4b00-b3ca-b08e9775cced', '2', 'admin', '2020-12-07 03:02:24.686', 'admin', '2020-12-07 03:02:24.686', 'RST-000044'),
('96a72dbc-ef76-4397-873d-47e8275e8f67', '4da46b04-8c25-4be0-af22-b1cad3f295a1', 'ba31ae6d-5a8f-4f08-9446-75d3e8e991e3', '2', 'admin', '2020-12-06 03:48:41.145', 'admin', '2020-12-06 03:48:41.145', 'RST-000002'),
('96b64589-a5e2-482c-a796-2caffca602dc', 'b2f7d137-0358-4523-b202-eac34c2feea1', 'bffd0407-d9bf-4a06-aefa-cdf17b2e014f', '2', 'admin', '2020-12-07 02:01:42.933', 'admin', '2020-12-07 02:01:42.933', 'RST-000030'),
('a33f94f1-9968-4ce5-980f-aa3d86513821', '211c937f-66ba-4e61-a3c8-d8055558fa18', 'fa23e1df-7c47-4e60-8198-01fd59434f01', '2', 'admin', '2020-12-07 15:53:47.194', 'admin', '2020-12-07 15:53:47.194', 'RST-000092'),
('a67b11ff-3c79-4592-8a7c-803ceb91f87d', '40cdcee8-814c-4e3f-9e93-be89abd8e325', 'a336ade5-0631-4fd7-9ca2-f7c02849817f', '2', 'admin', '2020-12-07 02:41:22.286', 'admin', '2020-12-07 02:41:22.286', 'RST-000040'),
('a762ce8b-acd8-46f5-a486-f03ca3c4fe5e', '15ff4e3b-be2d-4c69-9888-d13e9b1a6709', 'd6e1831b-355e-4d85-834d-58538cb5c1f4', '2', 'admin', '2020-12-07 01:31:55.209', 'admin', '2020-12-07 01:31:55.209', 'RST-000028'),
('a852c840-1f61-47e9-8c70-38c95b5b90cf', '2374cf6b-ae19-472a-88dd-59f31a25a349', 'fe28acdc-ebb5-4ba8-a28e-e6ebb5ab7708', '2', 'admin', '2020-12-07 10:04:04.721', 'admin', '2020-12-07 10:04:04.721', 'RST-000081'),
('a8744038-96ac-4b13-836d-08578f3f28bc', 'b4440894-78b3-4403-b346-992a7e55cdf0', '2de2f4bc-00db-4865-9369-089464e32ab3', '2', 'admin', '2020-12-07 02:45:12.752', 'admin', '2020-12-07 02:45:12.752', 'RST-000041'),
('a983f4ed-627c-42ec-828c-e26928eb30c1', '27ee1a36-196f-4f57-bd19-7ca8cff3a068', '42eff05a-b37c-4344-9651-347f2af21103', '2', 'admin', '2020-12-08 04:19:48.48', 'admin', '2020-12-08 04:19:48.48', 'RST-000099'),
('b3b782bf-7f58-4e43-96a6-ebee790c1060', '1251e451-4e0f-43d9-8e1f-17249c12514b', '502e4575-f49c-4583-a4a1-a0c90a92e09a', '2', 'admin', '2020-12-07 05:11:36.201', 'admin', '2020-12-07 05:11:36.201', 'RST-000050'),
('b7020365-f439-4476-a861-81904459c777', 'b0949165-70e2-4390-8e8e-fc6b385f45a9', '18a2606b-2821-4421-a185-b93dc63a87a7', '2', 'admin', '2020-12-10 04:31:39.618', 'admin', '2020-12-10 04:31:39.618', 'RST-000116'),
('b742fcb7-f602-442b-86c0-0839be97b51d', 'd6ffd5b1-f40a-41c9-9749-b95ee9707776', '5cc06b3d-6846-43bb-b7ff-2556444a869a', '2', 'admin', '2020-12-07 02:10:18.62', 'admin', '2020-12-07 02:10:18.62', 'RST-000036'),
('b75076bc-b008-489b-b0a9-73e91c160aca', '59d6b802-01df-4134-96a1-bcb021bf9b37', '500a7139-9831-413e-82f2-50851da57e91', '2', 'admin', '2020-12-07 06:35:41.649', 'admin', '2020-12-07 06:35:41.649', 'RST-000067'),
('b79d0a51-8131-4341-9669-39cbadd82913', 'eebeab65-9cac-4274-95cc-1b49364fed5f', '629c57ba-f71f-497c-84ab-ec04f7308ada', '2', 'admin', '2020-12-07 15:29:51.015', 'admin', '2020-12-07 15:29:51.015', 'RST-000089'),
('b7af94c3-0572-480e-97a9-141753132b07', '62e49d94-9e65-4c3d-97f1-e5b88b88a8ae', 'ac5785b7-ddb6-4ad9-972b-d7d1044ae737', '2', 'admin', '2020-12-07 03:08:23.057', 'admin', '2020-12-07 03:08:23.057', 'RST-000045'),
('b903acae-b759-42f4-8133-3f176cbad32a', '686593a8-b2c4-45e2-9179-4f5b8be836ae', 'b6a22732-c050-43d5-a5a9-d27ff49395f0', '2', 'admin', '2020-12-07 09:54:32.501', 'admin', '2020-12-07 09:54:32.501', 'RST-000075'),
('c21649d0-d77c-4b9d-bf9b-f20e943c2fee', '95e84731-290e-4e95-891f-66a50a0378e7', '6d334abb-9aff-4923-a0ab-75987a2e5a3d', '2', 'admin', '2020-12-06 03:56:14.575', 'admin', '2020-12-06 03:56:14.575', 'RST-000009'),
('c3041bdf-cba4-4189-a59b-2e376b9601ab', 'e2efb7d6-bdee-460e-af37-5092234ff3ef', '683e5906-242d-491e-9f74-dd13292e5f79', '2', 'admin', '2020-12-07 10:11:19.035', 'admin', '2020-12-07 10:11:19.035', 'RST-000084'),
('c4967498-9a89-4e58-81b2-4d2fe07438d3', '549818e6-d5f0-47d5-91f2-46caebd5643f', '7c5cc96b-4054-4dd4-809e-a9191c5eec46', '2', 'admin', '2020-12-08 04:15:59.278', 'admin', '2020-12-08 04:15:59.278', 'RST-000096'),
('c610e254-15a7-454a-9975-1b6d875042e6', 'fa7c553e-0f11-4e7e-bbef-2447fff371ed', '1cea38a7-c814-4a68-ac5f-f3c90f002102', '2', 'admin', '2020-12-07 06:32:55.57', 'admin', '2020-12-07 06:32:55.57', 'RST-000066'),
('c7513cdf-52ba-4a58-9484-fb2bbd7f76ab', '6743c429-5500-4f75-9405-7d8d631f314d', 'f81672e4-782b-47fc-8538-decf8898396b', '2', 'admin', '2020-12-07 09:52:38.298', 'admin', '2020-12-07 09:52:38.298', 'RST-000070'),
('c7a931a3-c170-424f-942c-a068e0b13c4a', 'e180a06a-6c60-4a0c-a56f-4ee398dc65f9', '7c41ddb3-6409-4c82-aec4-ff929fe9fbf5', '2', 'admin', '2020-12-06 04:11:50.123', 'admin', '2020-12-06 04:11:50.123', 'RST-000015'),
('c9241d52-3898-42aa-8e26-62c3a791437c', 'ee31b87f-d5cc-4136-9450-21b9fb5c1872', '5ad0dbe4-61db-45b5-8459-194b4167c558', '2', 'admin', '2020-12-07 02:54:59.528', 'admin', '2020-12-07 02:54:59.528', 'RST-000043'),
('ca417b90-9229-4072-b178-e8f5f6b12578', '9c91d88c-bb07-4f7a-9f0a-441225f8ffb1', 'f67caa55-98ac-47f4-b767-d2e81179a23c', '2', 'admin', '2020-12-08 04:14:39.584', 'admin', '2020-12-08 04:14:39.584', 'RST-000094'),
('cc7138b7-34b5-48e6-ba07-5babb43f1d3c', '7964e8d1-84b6-432c-9c9f-acc160578e2a', 'd26eb949-c416-44d3-adbf-86c535cc8ac4', '2', 'admin', '2020-12-08 04:15:27.276', 'admin', '2020-12-08 04:15:27.276', 'RST-000095'),
('d6c7ac32-c084-49ac-8400-3fd7f5daa6d2', 'a97cbdb8-6b00-414e-8df8-be07ff923242', 'fe28acdc-ebb5-4ba8-a28e-e6ebb5ab7708', '2', 'admin', '2020-12-07 10:04:56.688', 'admin', '2020-12-07 10:04:56.688', 'RST-000082'),
('d726db51-341c-4f60-9a6b-2b424fd1aaf4', '71ee6639-8439-473e-8a0c-5417fa2a61a6', '7a11a47e-7e3e-42a1-8f78-7b1c1a375d32', '2', 'admin', '2020-12-07 02:48:16.107', 'admin', '2020-12-07 02:48:16.107', 'RST-000042'),
('d826b283-ae68-4824-9ced-0a8ea24dce5b', 'c11353fe-0edc-4037-ab01-474bd4fd4809', 'bdc695bc-e60b-4536-aa40-f28df5a1c3bd', '2', 'admin', '2020-12-08 04:16:09.35', 'admin', '2020-12-08 04:16:09.35', 'RST-000097'),
('d8e2d1e5-faab-4dd8-bbab-8d8cbd57eb9c', 'b2f7d137-0358-4523-b202-eac34c2feea1', 'c7cc4d03-fffa-4f8e-bac5-19a87f585717', '2', 'admin', '2020-12-07 02:01:23.044', 'admin', '2020-12-07 02:01:23.044', 'RST-000029'),
('da1ca501-499a-4ff6-b816-7ccb770d963e', '798f40c0-a787-4812-91e2-79008c180cc1', 'e6abbe30-52cd-4f75-a28e-c40c74817736', '2', 'admin', '2020-12-07 09:57:17.534', 'admin', '2020-12-07 09:57:17.534', 'RST-000077'),
('da8aca67-5761-479b-bafc-9f4258da93d8', 'a8530dbf-27b9-40e6-9b67-baba8defb5a8', '232004cc-2390-4c48-a038-1454733dca07', '2', 'admin', '2020-12-07 05:18:03.11', 'admin', '2020-12-07 05:18:03.11', 'RST-000054'),
('e3b78c5a-88bd-4d8f-8d2d-d6146605e968', 'b0949165-70e2-4390-8e8e-fc6b385f45a9', '0ebf62c5-6da6-4c71-ad64-671f757c23e6', '2', 'admin', '2020-12-10 04:31:24.305', 'admin', '2020-12-10 04:31:24.305', 'RST-000115'),
('e5577707-4dc9-4ae6-a4cc-a8b5584b20a8', 'e5c357ef-da9b-4830-91cd-f89146b921d5', '086b650b-94a7-47fe-bc73-ab2e3d5c335b', '2', 'admin', '2020-12-07 01:13:32.693', 'admin', '2020-12-07 01:13:32.693', 'RST-000021'),
('e76ce381-3c49-4a3a-9bf7-53ef2d554dbf', 'bf253ab8-657e-4eba-9286-5cc5355f97a2', '1c555d3d-6427-4a39-bc06-bf669c7ca08a', '2', 'admin', '2020-12-10 04:26:52.796', 'admin', '2020-12-10 04:26:52.796', 'RST-000113'),
('ea84e8b4-854e-4507-8123-07ee09642977', 'b2f7d137-0358-4523-b202-eac34c2feea1', 'cba9cc8a-873c-436b-9ce8-f33644b1a513', '2', 'admin', '2020-12-07 02:01:52.132', 'admin', '2020-12-07 02:01:52.132', 'RST-000031'),
('ecb12173-4245-4bb8-9419-f4eeb454183f', 'e180a06a-6c60-4a0c-a56f-4ee398dc65f9', '1fef3116-6122-4c57-8f19-93b5367ba6b7', '2', 'admin', '2020-12-07 02:06:50.237', 'admin', '2020-12-07 02:06:50.237', 'RST-000032'),
('f3d4f1ff-5b7f-49ba-a8d8-6c728429e7b8', 'e180a06a-6c60-4a0c-a56f-4ee398dc65f9', '5e25dce5-d660-4924-ab87-e4bcb16770cb', '2', 'admin', '2020-12-06 04:11:42.407', 'admin', '2020-12-06 04:11:42.407', 'RST-000014'),
('f902f9ea-45bc-4e3f-9a6b-70dc210eb4ef', '15ff4e3b-be2d-4c69-9888-d13e9b1a6709', '203e5689-bedd-4cde-ab5e-f10681806826', '2', 'admin', '2020-12-07 01:31:36.701', 'admin', '2020-12-07 01:31:36.701', 'RST-000026');


INSERT INTO "accounting"."source_subaccount_exclude_mother" ("id", "source_subaccount", "mother_account") VALUES
('04f2e280-3e71-42b3-9c1f-08e640856337', '43ef084d-869a-4957-a457-5ad350a59daa', '324bc47c-e3d3-4e40-bc36-c9f186b69fa4'),
('11bcc9a2-fb9e-4d17-9eb7-4bdacbe044ca', '2ccb927f-eb24-4338-a24d-565c6a257ebf', '881eb9bc-b541-48e1-9f4c-bd80f4a2c8ac'),
('15571a66-fd9b-4953-98c6-e81dd30e8fe3', '43ef084d-869a-4957-a457-5ad350a59daa', 'b3252897-938d-48a0-8e23-fdee7af1b216'),
('2279ae2d-f896-4b4a-9e62-a2b0f284dd41', '0ca55bf5-2c6c-4409-b66f-81413fdba884', 'b3252897-938d-48a0-8e23-fdee7af1b216'),
('3ac5fc14-43c5-4029-a130-9bbd85a196c9', 'a67b11ff-3c79-4592-8a7c-803ceb91f87d', 'a2c94d5a-3848-4d35-95c6-e5adc476d30c'),
('462da12a-1eba-4892-bcda-2932aca18b03', 'd826b283-ae68-4824-9ced-0a8ea24dce5b', 'a2c94d5a-3848-4d35-95c6-e5adc476d30c'),
('4655eaf8-4cdf-468b-8e4e-7cfe576653c7', '74854acb-fe71-4ffd-a428-28593a15f446', '881eb9bc-b541-48e1-9f4c-bd80f4a2c8ac'),
('511ee7f1-f046-44ee-894f-2fd1085509ec', 'c610e254-15a7-454a-9975-1b6d875042e6', 'fff4ace4-d924-42e9-93ee-ce7f15d5b4a8'),
('5181a35f-1ed1-4146-9cf0-903faafdce4f', '2ccb927f-eb24-4338-a24d-565c6a257ebf', 'b3252897-938d-48a0-8e23-fdee7af1b216'),
('543c32a8-af7d-4a0b-8183-cb71b3295355', 'c21649d0-d77c-4b9d-bf9b-f20e943c2fee', 'b3252897-938d-48a0-8e23-fdee7af1b216'),
('555c6292-ff59-481b-b254-08affa3f60c5', 'b7af94c3-0572-480e-97a9-141753132b07', 'a2c94d5a-3848-4d35-95c6-e5adc476d30c'),
('55c2a3aa-bfc1-410d-b697-fd70b30cf747', '14623e5a-b29b-4d38-b594-2dfbb8e0b71f', 'b3252897-938d-48a0-8e23-fdee7af1b216'),
('55f041ce-4c2f-4e1d-82e6-a94c94e11203', 'a8744038-96ac-4b13-836d-08578f3f28bc', 'a2c94d5a-3848-4d35-95c6-e5adc476d30c'),
('5daef60e-6b47-4ac2-b0be-c9d1a5a42925', 'a983f4ed-627c-42ec-828c-e26928eb30c1', 'a2c94d5a-3848-4d35-95c6-e5adc476d30c'),
('6486b330-83be-401c-b1d2-86b3ecc87b47', 'b7020365-f439-4476-a861-81904459c777', '324bc47c-e3d3-4e40-bc36-c9f186b69fa4'),
('6894bbdf-b340-428e-ba9f-01e09750448d', 'e3b78c5a-88bd-4d8f-8d2d-d6146605e968', '324bc47c-e3d3-4e40-bc36-c9f186b69fa4'),
('6f2800d6-b161-45e1-86c4-faf9e26acd9f', '3528abf5-866e-4a7b-af97-b0969f2d5810', 'fff4ace4-d924-42e9-93ee-ce7f15d5b4a8'),
('7ba29bd5-29c7-4ab6-860e-cac3c2bc5604', '0ca55bf5-2c6c-4409-b66f-81413fdba884', '324bc47c-e3d3-4e40-bc36-c9f186b69fa4'),
('7e1b0a2d-96ad-400d-98e2-096eace1880f', '9658d44f-9196-4a1c-9741-732c2268caf8', 'a2c94d5a-3848-4d35-95c6-e5adc476d30c'),
('84ebcea9-b844-4ff1-897c-a62fa82e2029', '3dafc3bf-b018-4dd9-85ed-b5e3b927e47c', 'b26d08e0-e7b5-43c1-8d01-faa878cd8e97'),
('850a217c-ce7c-4049-9ddf-bba8007b35d9', '14623e5a-b29b-4d38-b594-2dfbb8e0b71f', '881eb9bc-b541-48e1-9f4c-bd80f4a2c8ac'),
('882adb65-6c25-4dab-9f72-a55354a2246c', '0860e089-a498-4087-af16-89aac5505824', 'a2c94d5a-3848-4d35-95c6-e5adc476d30c'),
('8c6ac148-370c-4e22-b97f-3b7fe308e84b', '6c33d896-69eb-4f59-85c9-f90e1acc8740', '881eb9bc-b541-48e1-9f4c-bd80f4a2c8ac'),
('8d85f942-579f-45d0-98e6-8394695f89b0', '4423a809-e963-414d-9b7e-914da6fc9732', 'b26d08e0-e7b5-43c1-8d01-faa878cd8e97'),
('9512a8b0-75d9-4715-ab36-9f4a8b0aa0ab', 'e3b78c5a-88bd-4d8f-8d2d-d6146605e968', 'b3252897-938d-48a0-8e23-fdee7af1b216'),
('9b827a1d-a4bb-4bf8-acb4-439a0b5ac84d', '18466542-20cd-489a-97aa-a287fa9d9620', 'fff4ace4-d924-42e9-93ee-ce7f15d5b4a8'),
('9ebf14fd-55ba-4751-81c5-7cf32b1f09e9', '405e9738-7ab5-460f-9853-a14f80331652', '881eb9bc-b541-48e1-9f4c-bd80f4a2c8ac'),
('b46f5a8e-bfd8-468f-9d7a-5b8f42f5826a', '588bfc56-31e4-47ef-a60a-22f7c7155ac4', 'b26d08e0-e7b5-43c1-8d01-faa878cd8e97'),
('b5e2e043-07d2-49c4-ad6b-2e52cca5c789', '4423a809-e963-414d-9b7e-914da6fc9732', '3d00077a-9dc1-4a43-9ed6-8bbb1737bdd9'),
('bee62ac1-6688-40ba-8304-c3b9665857b2', 'c21649d0-d77c-4b9d-bf9b-f20e943c2fee', '324bc47c-e3d3-4e40-bc36-c9f186b69fa4'),
('bfd38aac-3e50-49e3-9cb1-42321bf9c06b', '2e12d077-9fc6-40b7-b647-ad63da179c00', 'a2c94d5a-3848-4d35-95c6-e5adc476d30c'),
('c7f48fe1-481e-4263-bf63-df0ff80ce6b7', '3dafc3bf-b018-4dd9-85ed-b5e3b927e47c', '3d00077a-9dc1-4a43-9ed6-8bbb1737bdd9'),
('d283f5ee-d068-42bc-9d12-b9ff4de4bc3c', 'b7020365-f439-4476-a861-81904459c777', 'b3252897-938d-48a0-8e23-fdee7af1b216'),
('dd55f946-83e5-482d-b174-9e4e7f02c955', 'd726db51-341c-4f60-9a6b-2b424fd1aaf4', 'a2c94d5a-3848-4d35-95c6-e5adc476d30c'),
('e2d2f7b2-1874-4071-843b-5479d50e87ae', '74854acb-fe71-4ffd-a428-28593a15f446', 'b3252897-938d-48a0-8e23-fdee7af1b216'),
('e4d1bb3d-3567-4c73-b454-9bb2c77b3141', 'c9241d52-3898-42aa-8e26-62c3a791437c', 'a2c94d5a-3848-4d35-95c6-e5adc476d30c'),
('e5d20465-17c7-4f9c-9e77-5923f4fc89b0', '405e9738-7ab5-460f-9853-a14f80331652', 'b3252897-938d-48a0-8e23-fdee7af1b216'),
('e645ce6c-91a2-4d27-9b54-4effe418e380', 'c4967498-9a89-4e58-81b2-4d2fe07438d3', 'a2c94d5a-3848-4d35-95c6-e5adc476d30c'),
('e84de56c-3946-41cd-89fd-14cecc64643b', '6c33d896-69eb-4f59-85c9-f90e1acc8740', 'b3252897-938d-48a0-8e23-fdee7af1b216'),
('ec6bd3f3-a728-4095-bfd8-9e5e80842e68', '588bfc56-31e4-47ef-a60a-22f7c7155ac4', '3d00077a-9dc1-4a43-9ed6-8bbb1737bdd9'),
('f80c7f96-bbac-425c-adf5-baf5f4c11c82', 'cc7138b7-34b5-48e6-ba07-5babb43f1d3c', 'a2c94d5a-3848-4d35-95c6-e5adc476d30c');