DELETE from accounting.source_line_type;


DELETE FROM "accounting"."financial_report" WHERE "id" = '4f2f8aa1-e9b3-4598-b305-cdcd369571c1' OR "id" = '8d32b5e0-9eba-49f2-94a1-9705fdfd4b56' OR "id" = 'f53078f7-a0a7-40b8-b664-9fea44927f19';


INSERT INTO "accounting"."financial_report" ("id", "title", "compare_prev_month", "can_select_department", "created_by", "created_date", "last_modified_by", "last_modified_date", "code", "show_zero_amount", "bold", "periodic", "show_all") VALUES
('4f2f8aa1-e9b3-4598-b305-cdcd369571c1', 'STATEMENTS OF FINANCIAL POSITION', 't', 'f', 'admin', '2020-11-17 10:22:31.141', 'admin', '2020-12-14 00:41:24.936', 'FR-000001', 't', NULL, NULL, 'f'),
('8d32b5e0-9eba-49f2-94a1-9705fdfd4b56', 'INCOME STATEMENT', 't', 'f', 'admin', '2020-11-17 11:21:40.453', 'admin', '2020-12-23 05:22:12.576', 'FR-000002', 'f', NULL, 't', 'f');


INSERT INTO "accounting"."line_type" ("id", "report", "caption", "parent_line_type", "source_type", "order_line", "fixed_value", "show_mother_account", "show_department", "show_sub_sub", "created_by", "created_date", "last_modified_by", "last_modified_date", "code", "bold", "bold_underlined") VALUES
('003b50eb-666a-4b5c-9bed-1e03ae07d42e', '4f2f8aa1-e9b3-4598-b305-cdcd369571c1', 'COMPENSATION RELATED-PHIC CONTRIBUTION', '4424e46f-0938-493d-ab8c-0972986692b6', '2', '21182', NULL, NULL, NULL, NULL, 'admin', '2020-12-07 05:42:42.95', 'admin', '2020-12-07 05:42:42.95', 'LT-000048', NULL, NULL),
('006347e1-440c-42b7-bfdf-cbf586273299', '8d32b5e0-9eba-49f2-94a1-9705fdfd4b56', 'SHOOTING LOCATION', '2e8aa48e-23a2-4631-887b-3b89d3963996', '1', '70200', NULL, NULL, NULL, NULL, 'admin', '2020-12-22 01:35:19.98', 'admin', '2020-12-23 07:26:37.293', 'LT-000143', NULL, NULL),
('007eea44-abac-46cd-b177-1a3a79008e0e', '8d32b5e0-9eba-49f2-94a1-9705fdfd4b56', 'OVERHEAD', '7e5f55fd-7d14-4cfe-8ac5-fb1aa8bb224e', '4', '62110', NULL, NULL, NULL, NULL, 'admin', '2020-12-31 12:42:32.374', 'admin', '2020-12-31 12:42:58.1', 'LT-000259', 't', NULL),
('011a790a-fc90-4ddc-9d2e-b0e6953610c9', '8d32b5e0-9eba-49f2-94a1-9705fdfd4b56', 'GROSS MARGIN-ANCILLARY REVENUE', 'f71429dd-133c-4d67-8553-cb6f9d738585', '0', '54000', NULL, NULL, NULL, NULL, 'admin', '2020-12-21 22:23:11.584', 'admin', '2020-12-21 22:25:04.602', 'LT-000130', 't', NULL),
('015028ac-011c-4355-889f-4063f126b308', '8d32b5e0-9eba-49f2-94a1-9705fdfd4b56', 'WIFI USE', '2e8aa48e-23a2-4631-887b-3b89d3963996', '1', '70100', NULL, NULL, NULL, NULL, 'admin', '2020-12-22 01:34:58.317', 'admin', '2020-12-23 07:26:14.573', 'LT-000142', NULL, NULL),
('0171d569-6c23-44d6-a190-a870d961e939', '8d32b5e0-9eba-49f2-94a1-9705fdfd4b56', '      ', NULL, '4', '55099', NULL, NULL, NULL, NULL, 'admin', '2020-12-30 01:45:25.101', 'admin', '2020-12-30 01:45:25.101', 'LT-000252', NULL, NULL),
('027903c6-aea7-4595-b11b-e69c8b2cfb1c', '8d32b5e0-9eba-49f2-94a1-9705fdfd4b56', 'NET INCOME (LOSS)', NULL, '0', '90220', NULL, NULL, NULL, NULL, 'admin', '2020-12-30 01:27:44.639', 'admin', '2020-12-30 01:28:12.097', 'LT-000248', 'f', 't'),
('02d38194-aaa9-4806-9f5c-b06633d746af', '4f2f8aa1-e9b3-4598-b305-cdcd369571c1', 'TOTAL ASSETS', NULL, '0', '14500', NULL, NULL, NULL, NULL, 'admin', '2020-12-12 04:52:19.257', 'admin', '2020-12-12 05:41:01.041', 'LT-000096', 'f', 't'),
('04c01e11-60cc-4662-9211-3f654538900a', '8d32b5e0-9eba-49f2-94a1-9705fdfd4b56', 'LINEN & LAUNDRY SUPPLY', 'ebb5f6c2-ed02-4741-931c-e136d8dad466', '2', '80430', NULL, NULL, NULL, NULL, 'admin', '2020-12-29 09:36:34.532', 'admin', '2020-12-29 09:36:34.532', 'LT-000234', NULL, NULL),
('053586c2-2aab-4570-b547-98ef669abf43', '4f2f8aa1-e9b3-4598-b305-cdcd369571c1', 'NOTES PAYABLE(NON-CURRENT PORTION)-BANK LOAN-WORKING CAPITAL', '6b3dc36d-a7e6-4fee-9c49-dd66b815b409', '1', '22122', NULL, NULL, NULL, NULL, 'admin', '2020-12-08 07:39:10.656', 'admin', '2020-12-08 07:40:25.711', 'LT-000084', NULL, NULL),
('06352b14-b594-4bdf-ac36-bc5924339586', '8d32b5e0-9eba-49f2-94a1-9705fdfd4b56', 'TOTAL MISC. INCOME', NULL, '0', '71000', NULL, NULL, NULL, NULL, 'admin', '2020-12-23 07:36:41.444', 'admin', '2020-12-30 01:24:35.645', 'LT-000160', 'f', 't'),
('0cec035c-c16c-4c28-a714-67881a0a7b0e', '4f2f8aa1-e9b3-4598-b305-cdcd369571c1', 'OTHER CURRENT PAYABLES-OTHER BIDDING PAYMENT', '4424e46f-0938-493d-ab8c-0972986692b6', '1', '21306', NULL, NULL, NULL, NULL, 'admin', '2020-12-07 09:51:31.527', 'admin', '2020-12-07 09:51:31.527', 'LT-000061', NULL, NULL),
('0d43159c-4225-4ae7-a029-d61c48d2c4fd', '8d32b5e0-9eba-49f2-94a1-9705fdfd4b56', 'MEDICAL SUPPLIES', '82daf78a-b1ff-4045-b64f-7856401e653f', '1', '10110', NULL, 't', 'f', 't', 'admin', '2020-12-13 05:42:25.7', 'admin', '2020-12-20 14:02:56.873', 'LT-000100', 't', NULL),
('0dcbfff3-31d9-4ca5-b0c8-a6935d5cdc11', '4f2f8aa1-e9b3-4598-b305-cdcd369571c1', 'NOTES PAYABLE(NON-CURRENT PORTION)-BANK LOAN-BUILDING', '6b3dc36d-a7e6-4fee-9c49-dd66b815b409', '1', '22120', NULL, NULL, NULL, NULL, 'admin', '2020-12-08 04:27:55.25', 'admin', '2020-12-08 04:27:55.25', 'LT-000082', NULL, NULL),
('0e19a135-bdcd-4722-bdbd-9c066833d4d4', '8d32b5e0-9eba-49f2-94a1-9705fdfd4b56', 'TOTAL DEDUCTIONS', '6f153a66-b773-4bb0-b37e-a08cee6430de', '0', '55400', NULL, NULL, NULL, NULL, 'admin', '2020-12-22 01:22:26.31', 'admin', '2020-12-22 01:22:26.31', 'LT-000136', 't', NULL),
('0e9c4353-c7f0-4251-a794-c9f7cba812ac', '4f2f8aa1-e9b3-4598-b305-cdcd369571c1', 'CURRENT YEAR EARNINGS', 'c0b7f154-2322-46c9-8f66-1ec070e0e813', '2', '32000', NULL, NULL, NULL, NULL, 'admin', '2020-12-08 07:47:58.1', 'admin', '2020-12-08 07:47:58.1', 'LT-000086', NULL, NULL),
('0f2e887f-4bdf-488a-a1ad-80ea53fdcfa6', '4f2f8aa1-e9b3-4598-b305-cdcd369571c1', 'OTHER CURRENT PAYABLES-OUTSTANDING CHECKS', '4424e46f-0938-493d-ab8c-0972986692b6', '1', '21307', NULL, NULL, NULL, NULL, 'admin', '2020-12-07 09:52:25.589', 'admin', '2020-12-07 09:52:25.589', 'LT-000062', NULL, NULL),
('0f8287af-5f5f-4351-8d93-b1c6debe2cda', '8d32b5e0-9eba-49f2-94a1-9705fdfd4b56', 'MEALS-NURSE-NOT USED', 'ebb5f6c2-ed02-4741-931c-e136d8dad466', '5', '80020', NULL, 't', NULL, NULL, 'admin', '2020-12-23 13:31:13.96', 'admin', '2020-12-31 12:53:04.996', 'LT-000161', NULL, NULL),
('10b05e9a-9aa1-4aba-938c-ad79810e7a0b', '8d32b5e0-9eba-49f2-94a1-9705fdfd4b56', 'REPAIRS & MAINTENANCE', 'ebb5f6c2-ed02-4741-931c-e136d8dad466', '2', '80480', NULL, NULL, NULL, NULL, 'admin', '2020-12-29 09:38:30.012', 'admin', '2020-12-29 09:38:30.012', 'LT-000239', NULL, NULL),
('111d2e26-5ba0-4efb-9713-ca09fa4df6b3', '8d32b5e0-9eba-49f2-94a1-9705fdfd4b56', '     ', NULL, '4', '99998', NULL, NULL, NULL, NULL, 'admin', '2020-12-30 02:18:45.216', 'admin', '2020-12-30 02:18:45.216', 'LT-000258', NULL, NULL),
('12190a19-8913-4445-bf3a-07152b7cfd80', '4f2f8aa1-e9b3-4598-b305-cdcd369571c1', 'SHARE CAPITAL', 'c0b7f154-2322-46c9-8f66-1ec070e0e813', '2', '34000', NULL, NULL, NULL, NULL, 'admin', '2020-12-08 07:49:06.411', 'admin', '2020-12-08 07:49:06.411', 'LT-000088', NULL, NULL),
('12344280-65bd-4eaf-b6e2-a7919c39f9ac', '8d32b5e0-9eba-49f2-94a1-9705fdfd4b56', 'EMPTY GALLONS', '2e8aa48e-23a2-4631-887b-3b89d3963996', '1', '70900', NULL, NULL, NULL, NULL, 'admin', '2020-12-22 01:51:08.893', 'admin', '2020-12-23 07:28:54.898', 'LT-000151', NULL, NULL),
('1251e451-4e0f-43d9-8e1f-17249c12514b', '4f2f8aa1-e9b3-4598-b305-cdcd369571c1', 'ACCOUNTS PAYABLE-DOCTORS FEE LIABILITY', '4424e46f-0938-493d-ab8c-0972986692b6', '1', '21100', NULL, NULL, NULL, NULL, 'admin', '2020-12-07 05:10:54.893', 'admin', '2020-12-07 05:25:38.219', 'LT-000038', NULL, NULL),
('13e19bc1-58d6-49ac-8c56-61f82e0d64bd', '8d32b5e0-9eba-49f2-94a1-9705fdfd4b56', 'LESS: COST OF SALES', '7e5f55fd-7d14-4cfe-8ac5-fb1aa8bb224e', '4', '62200', NULL, NULL, NULL, NULL, 'admin', '2020-12-23 06:24:00.533', 'admin', '2020-12-23 06:24:00.533', 'LT-000155', 't', NULL),
('1493f2e1-90dc-4e93-b345-9e12629645fa', '8d32b5e0-9eba-49f2-94a1-9705fdfd4b56', 'LPG', '007eea44-abac-46cd-b177-1a3a79008e0e', '2', '62115', NULL, NULL, NULL, NULL, 'admin', '2020-12-31 12:46:33.141', 'admin', '2020-12-31 12:46:33.141', 'LT-000260', NULL, NULL),
('15ff4e3b-be2d-4c69-9888-d13e9b1a6709', '4f2f8aa1-e9b3-4598-b305-cdcd369571c1', 'KITCHENWARES, TABLEWARES AND OTHER UTENSILS', '796ae082-c55a-423e-9b43-c16472b5f40a', '1', '11123', NULL, 't', NULL, NULL, 'admin', '2020-12-07 01:31:22.396', 'admin', '2020-12-09 05:09:21.117', 'LT-000012', NULL, NULL),
('187b3c39-3cff-4c07-990e-30a9dd57631e', '8d32b5e0-9eba-49f2-94a1-9705fdfd4b56', 'SALES', '2590ef69-3021-4bf9-b2ad-220bd47fa6db', '1', '41000', NULL, 't', NULL, 't', 'admin', '2020-12-21 17:51:12.486', 'admin', '2020-12-21 18:18:00.978', 'LT-000123', 't', NULL),
('1ab7ad2e-193b-4c8b-b0ae-8095c98a4cb7', '4f2f8aa1-e9b3-4598-b305-cdcd369571c1', 'DUE TO DOCTORS', '4424e46f-0938-493d-ab8c-0972986692b6', '2', '21190', NULL, NULL, NULL, NULL, 'admin', '2020-12-07 06:19:45.239', 'admin', '2020-12-07 06:19:45.239', 'LT-000051', NULL, NULL),
('1ca4ca65-e837-4461-9eb7-d912b0de2a09', '8d32b5e0-9eba-49f2-94a1-9705fdfd4b56', 'OFFICE SUPPLIES', 'ebb5f6c2-ed02-4741-931c-e136d8dad466', '2', '80450', NULL, NULL, NULL, NULL, 'admin', '2020-12-29 09:37:22.179', 'admin', '2020-12-29 09:37:22.179', 'LT-000236', NULL, NULL),
('1d89825b-7a7b-4948-8d35-a9247f93fcc3', '4f2f8aa1-e9b3-4598-b305-cdcd369571c1', 'ADVANCES TO EMPLOYEES', '796ae082-c55a-423e-9b43-c16472b5f40a', '2', '11114', NULL, NULL, NULL, NULL, 'admin', '2020-12-07 01:09:46.206', 'admin', '2020-12-07 01:10:02.942', 'LT-000005', NULL, NULL),
('1dd690a3-7377-4219-a94c-c682a54270f7', '8d32b5e0-9eba-49f2-94a1-9705fdfd4b56', 'NON OPERATING EXPENSES', NULL, '4', '90000', NULL, NULL, NULL, NULL, 'admin', '2020-12-29 10:17:07.417', 'admin', '2020-12-29 10:17:07.417', 'LT-000243', 'f', 't'),
('1e07e4e2-3b10-4e12-a80f-5497d67da30a', '4f2f8aa1-e9b3-4598-b305-cdcd369571c1', 'ACCOUNTS PAYABLE-READER''S FEE LIABILITY', '4424e46f-0938-493d-ab8c-0972986692b6', '1', '21150', NULL, NULL, NULL, NULL, 'admin', '2020-12-07 05:23:47.701', 'admin', '2020-12-07 05:25:32.269', 'LT-000043', NULL, NULL),
('1e648266-0329-4be8-b2df-81556e173aac', '8d32b5e0-9eba-49f2-94a1-9705fdfd4b56', 'OVERHEAD', '4fe412a1-79df-41a9-9fdd-168829f84c20', '1', '22000', NULL, 't', NULL, 't', 'admin', '2020-12-14 02:10:49.384', 'admin', '2020-12-14 04:38:39.961', 'LT-000109', 't', NULL),
('211c937f-66ba-4e61-a3c8-d8055558fa18', '4f2f8aa1-e9b3-4598-b305-cdcd369571c1', 'ADVANCES FROM SHAREHOLDERS-DUE TO FOUNDERS', '6b3dc36d-a7e6-4fee-9c49-dd66b815b409', '1', '22110', NULL, NULL, NULL, NULL, 'admin', '2020-12-07 15:52:44.443', 'admin', '2020-12-07 15:53:30.97', 'LT-000080', NULL, NULL),
('2374cf6b-ae19-472a-88dd-59f31a25a349', '4f2f8aa1-e9b3-4598-b305-cdcd369571c1', 'TAXES PAYABLE -EWT DOCTOR''S FEE', '4424e46f-0938-493d-ab8c-0972986692b6', '1', '21400', NULL, NULL, NULL, NULL, 'admin', '2020-12-07 10:03:50.068', 'admin', '2020-12-07 10:04:14.646', 'LT-000069', NULL, NULL),
('2590ef69-3021-4bf9-b2ad-220bd47fa6db', '8d32b5e0-9eba-49f2-94a1-9705fdfd4b56', 'VENTILATOR', NULL, '4', '40000', NULL, NULL, NULL, NULL, 'admin', '2020-12-21 17:47:06.914', 'admin', '2020-12-21 17:50:56.073', 'LT-000122', NULL, 't'),
('261d214e-be0f-49ef-997f-345ed4d05178', '4f2f8aa1-e9b3-4598-b305-cdcd369571c1', 'ADVANCES TO CONTRACTORS', '796ae082-c55a-423e-9b43-c16472b5f40a', '2', '11115', NULL, 't', NULL, NULL, 'admin', '2020-12-06 04:50:31.393', 'admin', '2020-12-09 04:05:49.837', 'LT-000003', NULL, NULL),
('26bbf968-c99c-492b-915a-8faa490d8e73', '8d32b5e0-9eba-49f2-94a1-9705fdfd4b56', 'GROSS MARGIN', '4fe412a1-79df-41a9-9fdd-168829f84c20', '0', '23000', NULL, NULL, NULL, NULL, 'admin', '2020-12-14 04:23:11.522', 'admin', '2020-12-14 05:40:49.001', 'LT-000110', 't', NULL),
('27ab172a-acac-4218-9765-0c47547a18d2', '8d32b5e0-9eba-49f2-94a1-9705fdfd4b56', 'DISCOUNTS AND ALLOWANCES', '6f153a66-b773-4bb0-b37e-a08cee6430de', '1', '55300', NULL, 't', 't', 'f', 'admin', '2020-12-21 23:48:51.603', 'admin', '2020-12-22 01:17:06.907', 'LT-000134', 't', NULL),
('27ee1a36-196f-4f57-bd19-7ca8cff3a068', '4f2f8aa1-e9b3-4598-b305-cdcd369571c1', 'OFFICE FURNITURES AND FIXTURES', '515f72f8-ef9b-4bf8-944d-6ba96333cc04', '1', '13171', NULL, NULL, NULL, NULL, 'admin', '2020-12-08 04:19:18.25', 'admin', '2020-12-08 04:19:36.618', 'LT-000081', NULL, NULL),
('2e78e051-07d7-47c6-ad47-aebb91e21bd9', '4f2f8aa1-e9b3-4598-b305-cdcd369571c1', 'ACCOUNTS RECEIVABLES', '796ae082-c55a-423e-9b43-c16472b5f40a', '4', '11108', NULL, NULL, NULL, NULL, 'admin', '2020-12-10 04:35:50.046', 'admin', '2020-12-10 04:37:59.662', 'LT-000092', 't', NULL),
('2e8aa48e-23a2-4631-887b-3b89d3963996', '8d32b5e0-9eba-49f2-94a1-9705fdfd4b56', 'NON-OPERATING INCOME - MISC', NULL, '4', '69999', NULL, NULL, NULL, NULL, 'admin', '2020-12-22 01:42:06.634', 'admin', '2020-12-28 10:26:26.061', 'LT-000145', NULL, 't'),
('3027f11a-2dfe-4e56-8e94-af05ef38118a', '8d32b5e0-9eba-49f2-94a1-9705fdfd4b56', 'SPONSORSHIP', '2e8aa48e-23a2-4631-887b-3b89d3963996', '1', '70400', NULL, NULL, NULL, NULL, 'admin', '2020-12-22 01:47:52.601', 'admin', '2020-12-23 07:26:58.396', 'LT-000146', NULL, NULL),
('3047d7d0-de3b-484d-b054-8aacd405d814', '8d32b5e0-9eba-49f2-94a1-9705fdfd4b56', 'CASHIER''S OVERAGE', '2e8aa48e-23a2-4631-887b-3b89d3963996', '1', '70300', NULL, 't', 't', NULL, 'admin', '2020-12-22 01:36:05.83', 'admin', '2020-12-22 01:42:34.403', 'LT-000144', NULL, NULL),
('329c5f49-f362-4cfc-bd53-c8ca077e5945', '8d32b5e0-9eba-49f2-94a1-9705fdfd4b56', '    ', NULL, '4', '56001', NULL, NULL, NULL, NULL, 'admin', '2020-12-30 01:46:33.931', 'admin', '2020-12-30 01:46:33.931', 'LT-000253', NULL, NULL),
('35376269-3e36-4bd1-bcef-053a72fb37ee', '8d32b5e0-9eba-49f2-94a1-9705fdfd4b56', 'MINOR TOOLS AND EQUIPMENTS', 'ebb5f6c2-ed02-4741-931c-e136d8dad466', '2', '80470', NULL, NULL, NULL, NULL, 'admin', '2020-12-29 09:38:10.458', 'admin', '2020-12-29 09:38:10.458', 'LT-000238', NULL, NULL),
('37068bab-6be9-478d-b4ea-1ffc96f2afd7', '8d32b5e0-9eba-49f2-94a1-9705fdfd4b56', 'TRANSPORTATION AND TRAVELS', 'ebb5f6c2-ed02-4741-931c-e136d8dad466', '2', '80250', NULL, NULL, NULL, NULL, 'admin', '2020-12-28 06:51:36.969', 'admin', '2020-12-28 06:51:36.969', 'LT-000216', NULL, NULL),
('37a3e7ea-72d9-42cc-99f6-6bf35ebd104f', '8d32b5e0-9eba-49f2-94a1-9705fdfd4b56', 'TOTAL GROSS MARGIN', NULL, '0', '13200', NULL, NULL, NULL, NULL, 'admin', '2020-12-14 01:56:12.824', 'admin', '2020-12-14 01:56:12.824', 'LT-000106', 't', NULL),
('396e078c-fa05-47d4-9310-e072797f2212', '8d32b5e0-9eba-49f2-94a1-9705fdfd4b56', 'LEGAL FEES', 'ebb5f6c2-ed02-4741-931c-e136d8dad466', '2', '80270', NULL, NULL, NULL, NULL, 'admin', '2020-12-28 06:55:07.25', 'admin', '2020-12-28 06:55:07.25', 'LT-000218', NULL, NULL),
('3a4aa999-2c9e-4930-bb9c-8a53e2665df2', '8d32b5e0-9eba-49f2-94a1-9705fdfd4b56', 'SALARIES AND INCENTIVES', 'ebb5f6c2-ed02-4741-931c-e136d8dad466', '1', '80030', NULL, 't', NULL, 't', 'admin', '2020-12-24 01:18:11.77', 'admin', '2020-12-24 01:35:00.274', 'LT-000162', 't', NULL),
('3a84a514-f127-4175-85fe-5d8a351825a1', '4f2f8aa1-e9b3-4598-b305-cdcd369571c1', 'TAXES PAYABLE-PROPERTY TAX PAYABLE-EQUIPTMENT', '4424e46f-0938-493d-ab8c-0972986692b6', '1', '21450', NULL, NULL, NULL, NULL, 'admin', '2020-12-07 10:18:51.699', 'admin', '2020-12-07 10:18:51.699', 'LT-000074', NULL, NULL),
('3aabee9f-ecfb-4ec0-b40b-c6b45f131011', '8d32b5e0-9eba-49f2-94a1-9705fdfd4b56', 'MEDICAL SUPPLIES', 'c0399b85-2af5-4746-a26b-61807b4ffc9a', '1', '12110', NULL, 't', NULL, 't', 'admin', '2020-12-13 05:43:39.873', 'admin', '2020-12-21 04:50:58.429', 'LT-000102', 't', NULL),
('401228b7-9107-4721-a04e-b397f067c433', '8d32b5e0-9eba-49f2-94a1-9705fdfd4b56', 'LPG-HIDDEN', 'ebb5f6c2-ed02-4741-931c-e136d8dad466', '5', '80350', NULL, NULL, NULL, NULL, 'admin', '2020-12-28 08:51:09.062', 'admin', '2020-12-31 12:35:31.192', 'LT-000226', NULL, NULL),
('40cdcee8-814c-4e3f-9e93-be89abd8e325', '4f2f8aa1-e9b3-4598-b305-cdcd369571c1', 'LAND', '515f72f8-ef9b-4bf8-944d-6ba96333cc04', '1', '13100', NULL, NULL, NULL, NULL, 'admin', '2020-12-07 02:40:53.989', 'admin', '2020-12-07 03:08:57.891', 'LT-000019', NULL, NULL),
('415fe5fb-9a64-40f7-b683-70ceab9125ab', '8d32b5e0-9eba-49f2-94a1-9705fdfd4b56', 'SCRAP SALES', '2e8aa48e-23a2-4631-887b-3b89d3963996', '1', '70000', NULL, NULL, NULL, NULL, 'admin', '2020-12-22 01:34:39.51', 'admin', '2020-12-22 01:45:41.235', 'LT-000141', NULL, NULL),
('417b6403-a3d6-48ca-a7d9-f038aa35c88c', '8d32b5e0-9eba-49f2-94a1-9705fdfd4b56', 'OXYGEN REVENUE', NULL, '4', '30000', NULL, NULL, NULL, NULL, 'admin', '2020-12-14 04:37:34.259', 'admin', '2020-12-14 05:40:27.78', 'LT-000113', 'f', 't'),
('44065b7a-89ca-42f9-abd3-d4486b282dc9', '8d32b5e0-9eba-49f2-94a1-9705fdfd4b56', 'SSS EXPENSE', 'ebb5f6c2-ed02-4741-931c-e136d8dad466', '1', '80050', NULL, 't', NULL, 't', 'admin', '2020-12-24 02:01:57.868', 'admin', '2020-12-24 02:03:53.247', 'LT-000164', 't', NULL),
('4424e46f-0938-493d-ab8c-0972986692b6', '4f2f8aa1-e9b3-4598-b305-cdcd369571c1', 'CURRENT LIABILITIES', 'd8f46f8e-02a8-4247-80f9-c516ab770c82', '4', '21000', NULL, NULL, NULL, NULL, 'admin', '2020-12-07 05:03:06.575', 'admin', '2020-12-07 05:03:06.575', 'LT-000036', 't', NULL),
('4453ddab-01db-4c83-b1ad-a79a524fa7bd', '8d32b5e0-9eba-49f2-94a1-9705fdfd4b56', 'CONSULTANCY AND ASSISTANCE - XERO ACCTG SOFTWARE', 'ebb5f6c2-ed02-4741-931c-e136d8dad466', '2', '80300', NULL, NULL, NULL, NULL, 'admin', '2020-12-28 07:15:41.549', 'admin', '2020-12-28 07:17:55.711', 'LT-000221', NULL, NULL),
('445a003d-3ed7-4b81-985b-1a117b34c3ce', '4f2f8aa1-e9b3-4598-b305-cdcd369571c1', 'OTHER CURRENT PAYABLES-ADVANCES FROM EMPLOYEES', '4424e46f-0938-493d-ab8c-0972986692b6', '1', '21303', NULL, NULL, NULL, NULL, 'admin', '2020-12-07 09:44:37.018', 'admin', '2020-12-07 09:44:37.018', 'LT-000058', NULL, NULL),
('45c592ba-9dfd-4291-86af-74442a34fe89', '8d32b5e0-9eba-49f2-94a1-9705fdfd4b56', 'BAYVIEW DINING', '7e5f55fd-7d14-4cfe-8ac5-fb1aa8bb224e', '1', '61000', NULL, NULL, NULL, NULL, 'admin', '2020-12-22 01:30:36.607', 'admin', '2020-12-23 05:59:51.976', 'LT-000139', NULL, NULL),
('46dfaab6-d24f-4f66-b517-86e75738c25f', '8d32b5e0-9eba-49f2-94a1-9705fdfd4b56', '      ', NULL, '4', '71001', NULL, NULL, NULL, NULL, 'admin', '2020-12-30 01:47:10.672', 'admin', '2020-12-30 01:47:10.672', 'LT-000254', NULL, NULL),
('4bd318e2-9cee-40bb-8f77-a424f2b0e7f7', '8d32b5e0-9eba-49f2-94a1-9705fdfd4b56', 'UNIFORMS', 'ebb5f6c2-ed02-4741-931c-e136d8dad466', '1', '80220', NULL, 't', NULL, 't', 'admin', '2020-12-28 06:42:54.551', 'admin', '2020-12-28 06:42:59.353', 'LT-000213', 't', NULL),
('4c406e62-c806-4e54-bd8b-c6568e2c7deb', '8d32b5e0-9eba-49f2-94a1-9705fdfd4b56', 'CASHIER''S SHORTAGE', 'ebb5f6c2-ed02-4741-931c-e136d8dad466', '1', '80320', NULL, 't', 't', 'f', 'admin', '2020-12-28 07:22:43.903', 'admin', '2020-12-28 07:30:31.002', 'LT-000223', 't', NULL),
('4da46b04-8c25-4be0-af22-b1cad3f295a1', '4f2f8aa1-e9b3-4598-b305-cdcd369571c1', 'CASH AND CASH EQUIVALENTS', '796ae082-c55a-423e-9b43-c16472b5f40a', '1', '11100', NULL, 'f', NULL, NULL, 'admin', '2020-11-18 04:39:16.221', 'admin', '2020-12-10 04:37:45.705', 'LT-000017', 't', NULL),
('4dd955ac-5716-4c44-82c4-19dc5470611b', '8d32b5e0-9eba-49f2-94a1-9705fdfd4b56', 'TOTAL SALES', '2590ef69-3021-4bf9-b2ad-220bd47fa6db', '0', '41100', NULL, NULL, NULL, NULL, 'admin', '2020-12-21 17:52:52.741', 'admin', '2020-12-21 18:13:20.979', 'LT-000126', 't', NULL),
('4e80e854-f22d-46c0-92b9-3aada5ba4360', '8d32b5e0-9eba-49f2-94a1-9705fdfd4b56', 'TOTAL: DIRECT MATERIALS', '417b6403-a3d6-48ca-a7d9-f038aa35c88c', '0', '32100', NULL, NULL, NULL, NULL, 'admin', '2020-12-14 05:32:06.738', 'admin', '2020-12-21 16:56:45.397', 'LT-000117', 't', NULL),
('4ea0dbf4-9f11-4749-91ba-26f62fbf3692', '4f2f8aa1-e9b3-4598-b305-cdcd369571c1', 'OTHER PAYABLE', '4424e46f-0938-493d-ab8c-0972986692b6', '2', '21310', NULL, NULL, NULL, NULL, 'admin', '2020-12-07 09:55:45.058', 'admin', '2020-12-07 09:55:45.058', 'LT-000064', NULL, NULL),
('4fe412a1-79df-41a9-9fdd-168829f84c20', '8d32b5e0-9eba-49f2-94a1-9705fdfd4b56', 'ROOM AND BOARD', NULL, '4', '20000', NULL, NULL, NULL, NULL, 'admin', '2020-12-14 02:06:01.339', 'admin', '2020-12-14 02:07:44.104', 'LT-000107', 'f', 't'),
('50b20865-af56-422f-9a22-43e19f7c5de9', '4f2f8aa1-e9b3-4598-b305-cdcd369571c1', 'PREPAID TAXES', '796ae082-c55a-423e-9b43-c16472b5f40a', '1', '11129', NULL, NULL, NULL, NULL, 'admin', '2020-12-07 02:28:19.029', 'admin', '2020-12-07 02:28:40.602', 'LT-000017', NULL, NULL),
('515f72f8-ef9b-4bf8-944d-6ba96333cc04', '4f2f8aa1-e9b3-4598-b305-cdcd369571c1', 'FIXED ASSETS', '9d72682c-f9b0-45ad-811a-0982aa900936', '4', '13000', NULL, NULL, NULL, NULL, 'admin', '2020-11-18 03:56:31.214', 'admin', '2020-12-07 02:40:06.126', 'LT-000011', 't', NULL),
('51b3a2c3-95ef-4de6-95c1-3594928a8105', '8d32b5e0-9eba-49f2-94a1-9705fdfd4b56', 'MARKETING EXPENSE', 'ebb5f6c2-ed02-4741-931c-e136d8dad466', '2', '80130', NULL, NULL, NULL, NULL, 'admin', '2020-12-26 15:55:42.916', 'admin', '2020-12-26 15:55:42.916', 'LT-000204', NULL, NULL),
('549818e6-d5f0-47d5-91f2-46caebd5643f', '4f2f8aa1-e9b3-4598-b305-cdcd369571c1', 'MOBILE EQUIPTMENT', '515f72f8-ef9b-4bf8-944d-6ba96333cc04', '1', '13160', NULL, NULL, NULL, NULL, 'admin', '2020-12-07 03:04:20.124', 'admin', '2020-12-07 03:09:39.324', 'LT-000025', NULL, NULL),
('557a6c02-ad6f-4698-9c0a-d3d83b274758', '8d32b5e0-9eba-49f2-94a1-9705fdfd4b56', '   ', NULL, '4', '80521', NULL, NULL, NULL, NULL, 'admin', '2020-12-30 01:43:10.884', 'admin', '2020-12-30 01:44:11.377', 'LT-000250', NULL, 'f'),
('56c8ee0a-78a8-403b-9090-0d6393a64e8b', '8d32b5e0-9eba-49f2-94a1-9705fdfd4b56', 'SALES', 'f71429dd-133c-4d67-8553-cb6f9d738585', '1', '51000', NULL, 't', NULL, 't', 'admin', '2020-12-14 06:47:52.113', 'admin', '2020-12-21 18:18:23.135', 'LT-000119', 't', NULL),
('5786314e-83d7-48f8-860a-2f82c6e2e39b', '8d32b5e0-9eba-49f2-94a1-9705fdfd4b56', 'TOTAL COST OF SALES', NULL, '0', '12150', NULL, NULL, NULL, NULL, 'admin', '2020-12-14 01:40:45.613', 'admin', '2020-12-14 01:41:02.665', 'LT-000105', 't', 'f'),
('584567ba-0722-42c6-885c-f86f2f407d43', '4f2f8aa1-e9b3-4598-b305-cdcd369571c1', 'GENERAL HOSPITAL MAINTENANCE SUPPLIES', '796ae082-c55a-423e-9b43-c16472b5f40a', '1', '11119', NULL, 't', NULL, NULL, 'admin', '2020-12-07 01:22:09.784', 'admin', '2020-12-09 05:08:37.025', 'LT-000008', NULL, NULL),
('58841b37-525e-4991-abf4-12996d9f411c', '8d32b5e0-9eba-49f2-94a1-9705fdfd4b56', 'ACCRUED INTEREST EXPENSE - FOUNDERS', 'ebb5f6c2-ed02-4741-931c-e136d8dad466', '5', '80500', NULL, 'f', NULL, 'f', 'admin', '2020-12-29 09:41:54.156', 'admin', '2020-12-31 10:34:51.602', 'LT-000241', 'f', NULL),
('59d6b802-01df-4134-96a1-bcb021bf9b37', '4f2f8aa1-e9b3-4598-b305-cdcd369571c1', 'OTHER CURRENT PAYABLES-ACCRUED 13TH MONTH PAY', '4424e46f-0938-493d-ab8c-0972986692b6', '1', '21300', NULL, NULL, NULL, NULL, 'admin', '2020-12-07 06:35:33.778', 'admin', '2020-12-07 06:38:02.507', 'LT-000055', NULL, NULL),
('5aaaf3cf-c0c8-4b29-8e17-ba4b0d1885b0', '4f2f8aa1-e9b3-4598-b305-cdcd369571c1', 'TOTAL NON-CURRENT LIABILITIES', 'd8f46f8e-02a8-4247-80f9-c516ab770c82', '0', '22130', NULL, NULL, NULL, NULL, 'admin', '2020-12-11 16:41:52.236', 'admin', '2020-12-12 04:43:55.116', 'LT-000094', 't', NULL),
('5b8e07b6-c79a-4a94-9ca3-344534552010', '4f2f8aa1-e9b3-4598-b305-cdcd369571c1', 'ACCOUNTS PAYABLE-OTHERS', '4424e46f-0938-493d-ab8c-0972986692b6', '1', '21130', NULL, NULL, NULL, NULL, 'admin', '2020-12-07 05:14:45.496', 'admin', '2020-12-07 05:25:24.845', 'LT-000041', NULL, NULL),
('5c0ff4cd-3256-49de-bb10-36d23d2b7f06', '4f2f8aa1-e9b3-4598-b305-cdcd369571c1', 'BANK LOAN-BUILDING', '4424e46f-0938-493d-ab8c-0972986692b6', '1', '21200', NULL, NULL, NULL, NULL, 'admin', '2020-12-07 06:27:04.857', 'admin', '2020-12-07 06:28:12.02', 'LT-000052', NULL, NULL),
('5d37f884-c63c-4318-8a2b-aea4522e542c', '8d32b5e0-9eba-49f2-94a1-9705fdfd4b56', 'BOARD MEETING AND TRAVEL ALLOWANCE (ACCRUED)', 'ebb5f6c2-ed02-4741-931c-e136d8dad466', '2', '80070', NULL, NULL, NULL, NULL, 'admin', '2020-12-24 02:16:06.2', 'admin', '2020-12-24 02:18:32.842', 'LT-000166', NULL, NULL),
('5dddc503-e7c9-437c-9873-9ec5c5d9668f', '8d32b5e0-9eba-49f2-94a1-9705fdfd4b56', 'RENTAL EXPENSE', 'ebb5f6c2-ed02-4741-931c-e136d8dad466', '2', '80230', NULL, NULL, NULL, NULL, 'admin', '2020-12-28 06:47:27.96', 'admin', '2020-12-28 06:47:27.96', 'LT-000214', NULL, NULL),
('5f7279a3-dc69-419e-bf0a-4c717f7164f6', '4f2f8aa1-e9b3-4598-b305-cdcd369571c1', 'ADDITIONAL PAID-IN CAPITAL', 'c0b7f154-2322-46c9-8f66-1ec070e0e813', '2', '31000', NULL, NULL, NULL, NULL, 'admin', '2020-12-08 07:47:22.24', 'admin', '2020-12-08 07:47:22.24', 'LT-000085', NULL, NULL),
('607ab5ad-b1bc-4b5b-9d5a-5b1001c01615', '8d32b5e0-9eba-49f2-94a1-9705fdfd4b56', 'REFUNDS TO PATIENT', 'ebb5f6c2-ed02-4741-931c-e136d8dad466', '2', '80150', NULL, NULL, NULL, NULL, 'admin', '2020-12-26 21:33:45.523', 'admin', '2020-12-26 21:41:46.501', 'LT-000206', NULL, NULL),
('60e9d440-c0b4-4e5a-8f10-d2d9003b9b78', '8d32b5e0-9eba-49f2-94a1-9705fdfd4b56', 'DIETARY - TABLEWARES AND KITCHEN SUPPLIES', 'ebb5f6c2-ed02-4741-931c-e136d8dad466', '1', '80330', NULL, NULL, NULL, NULL, 'admin', '2020-12-28 07:41:45.961', 'admin', '2020-12-28 07:42:27.283', 'LT-000224', NULL, NULL),
('61525631-3bb7-4b9b-8239-f1b53dde6771', '8d32b5e0-9eba-49f2-94a1-9705fdfd4b56', 'DIRECT MATERIALS', 'f71429dd-133c-4d67-8553-cb6f9d738585', '1', '52300', NULL, 't', NULL, 't', 'admin', '2020-12-21 18:22:03.403', 'admin', '2020-12-21 18:32:18.198', 'LT-000129', 't', NULL),
('61957b58-c45b-4507-9e58-1e551d682577', '4f2f8aa1-e9b3-4598-b305-cdcd369571c1', 'ACCOUNTS PAYABLE-VENDORS AND SUPPLIER', '4424e46f-0938-493d-ab8c-0972986692b6', '1', '21160', NULL, NULL, NULL, NULL, 'admin', '2020-12-07 05:26:50.235', 'admin', '2020-12-07 05:27:30.971', 'LT-000044', NULL, NULL),
('61f89b9d-3c19-4e0c-b9ea-7f7015722add', '4f2f8aa1-e9b3-4598-b305-cdcd369571c1', 'ALLOWANCES FOR DOUBFUL ACCOUNTS-PATIENTS', '2e78e051-07d7-47c6-ad47-aebb91e21bd9', '1', '11113', NULL, 't', 't', NULL, 'admin', '2020-12-10 05:57:28.703', 'admin', '2020-12-10 05:59:15.145', 'LT-000093', NULL, NULL),
('62e49d94-9e65-4c3d-97f1-e5b88b88a8ae', '4f2f8aa1-e9b3-4598-b305-cdcd369571c1', 'GENERAL SERVICES', '515f72f8-ef9b-4bf8-944d-6ba96333cc04', '1', '13180', NULL, NULL, NULL, NULL, 'admin', '2020-12-07 03:08:04.029', 'admin', '2020-12-07 03:09:52.125', 'LT-000027', NULL, NULL),
('64196c5b-a358-4953-b771-fcc9559661a5', '8d32b5e0-9eba-49f2-94a1-9705fdfd4b56', 'TOTAL', '4fe412a1-79df-41a9-9fdd-168829f84c20', '0', '21100', NULL, NULL, NULL, NULL, 'admin', '2020-12-14 04:25:01.97', 'admin', '2020-12-14 04:25:01.97', 'LT-000111', 't', NULL),
('64314cae-ef15-4b50-9018-b72046e13070', '4f2f8aa1-e9b3-4598-b305-cdcd369571c1', 'INPUT VAT', '796ae082-c55a-423e-9b43-c16472b5f40a', '2', '11120', NULL, NULL, NULL, NULL, 'admin', '2020-12-07 01:25:14.865', 'admin', '2020-12-07 01:25:14.865', 'LT-000009', NULL, NULL),
('651420d3-ebf5-4d64-9777-f6fba7930981', '8d32b5e0-9eba-49f2-94a1-9705fdfd4b56', 'TOTAL HOSPITAL REVENUES', NULL, '0', '56000', NULL, NULL, NULL, NULL, 'admin', '2020-12-22 01:25:29.705', 'admin', '2020-12-22 01:25:29.705', 'LT-000137', NULL, 't'),
('6743c429-5500-4f75-9405-7d8d631f314d', '4f2f8aa1-e9b3-4598-b305-cdcd369571c1', 'OTHER CURRENT PAYABLES-ACCRUED AUDIT FEE', '4424e46f-0938-493d-ab8c-0972986692b6', '1', '21301', NULL, NULL, NULL, NULL, 'admin', '2020-12-07 06:37:33.096', 'admin', '2020-12-07 06:38:08.669', 'LT-000056', NULL, NULL),
('686593a8-b2c4-45e2-9179-4f5b8be836ae', '4f2f8aa1-e9b3-4598-b305-cdcd369571c1', 'OTHER CURRENT PAYABLES-PTP', '4424e46f-0938-493d-ab8c-0972986692b6', '1', '21308', NULL, NULL, NULL, NULL, 'admin', '2020-12-07 09:54:25.118', 'admin', '2020-12-07 09:54:25.118', 'LT-000063', NULL, NULL),
('68f861e6-ea4d-4980-88d4-7c7794e06f4d', '8d32b5e0-9eba-49f2-94a1-9705fdfd4b56', 'DIRECT LABOR', 'f71429dd-133c-4d67-8553-cb6f9d738585', '1', '52200', NULL, 't', NULL, 't', 'admin', '2020-12-14 06:52:20.617', 'admin', '2020-12-21 22:15:54.26', 'LT-000121', 't', NULL),
('6913d13e-251b-42b5-8152-ed47e0777bd0', '4f2f8aa1-e9b3-4598-b305-cdcd369571c1', 'NOTES PAYABLE(NON-CURRENT PORTION)-BANK LOAN-EQUIPTMENT', '6b3dc36d-a7e6-4fee-9c49-dd66b815b409', '1', '22121', NULL, NULL, NULL, NULL, 'admin', '2020-12-08 07:38:38.728', 'admin', '2020-12-08 07:40:18.866', 'LT-000083', NULL, NULL),
('69e8f11f-1ce1-4883-89e6-862af820d386', '8d32b5e0-9eba-49f2-94a1-9705fdfd4b56', 'SERVICE OVERHEAD', 'f71429dd-133c-4d67-8553-cb6f9d738585', '1', '52100', NULL, 't', NULL, 't', 'admin', '2020-12-14 06:51:22.915', 'admin', '2020-12-21 18:23:26.999', 'LT-000120', 't', NULL),
('6b1a7a9a-1e08-4d31-a182-23c4cc4ecfe7', '4f2f8aa1-e9b3-4598-b305-cdcd369571c1', 'COMPENSATION RELATED-SSS LOANS', '4424e46f-0938-493d-ab8c-0972986692b6', '2', '21184', NULL, NULL, NULL, NULL, 'admin', '2020-12-07 05:48:10.617', 'admin', '2020-12-07 05:48:10.617', 'LT-000050', NULL, NULL),
('6b3dc36d-a7e6-4fee-9c49-dd66b815b409', '4f2f8aa1-e9b3-4598-b305-cdcd369571c1', 'OTHER NON CURRENT LIABILITIES', 'd8f46f8e-02a8-4247-80f9-c516ab770c82', '4', '22000', NULL, NULL, NULL, NULL, 'admin', '2020-12-07 05:03:41.327', 'admin', '2020-12-08 04:25:48.45', 'LT-000037', 't', NULL),
('6efee7fd-d770-4e91-a954-bf9a745cc770', '8d32b5e0-9eba-49f2-94a1-9705fdfd4b56', 'TOTAL:  DIRECT MATERIAL/DIRECT LABOR/OVERHEAD', 'f71429dd-133c-4d67-8553-cb6f9d738585', '0', '53000', NULL, NULL, NULL, NULL, 'admin', '2020-12-21 22:26:18.973', 'admin', '2020-12-21 22:27:20.614', 'LT-000131', 't', NULL),
('6f153a66-b773-4bb0-b37e-a08cee6430de', '8d32b5e0-9eba-49f2-94a1-9705fdfd4b56', 'DEDUCTIONS', NULL, '4', '55100', NULL, NULL, NULL, NULL, 'admin', '2020-12-21 23:44:47.846', 'admin', '2020-12-22 01:18:39.177', 'LT-000133', 'f', 't'),
('6fd68d66-0a4e-4ad4-9f22-980eebae9fcd', '4f2f8aa1-e9b3-4598-b305-cdcd369571c1', 'BIOMED ENGINEERING', '515f72f8-ef9b-4bf8-944d-6ba96333cc04', '1', '13190', NULL, NULL, NULL, NULL, 'admin', '2020-12-07 03:10:33.175', 'admin', '2020-12-07 03:10:33.175', 'LT-000028', NULL, NULL),
('70758c4b-6fe1-4dd1-878e-13dba3446089', '8d32b5e0-9eba-49f2-94a1-9705fdfd4b56', 'TOTAL', '417b6403-a3d6-48ca-a7d9-f038aa35c88c', '0', '31100', NULL, NULL, NULL, NULL, 'admin', '2020-12-14 05:05:45.372', 'admin', '2020-12-14 05:35:08.188', 'LT-000116', 't', NULL),
('71ee6639-8439-473e-8a0c-5417fa2a61a6', '4f2f8aa1-e9b3-4598-b305-cdcd369571c1', 'HOSP. EQUIPTMENT', '515f72f8-ef9b-4bf8-944d-6ba96333cc04', '1', '13130', NULL, NULL, NULL, NULL, 'admin', '2020-12-07 02:48:00.675', 'admin', '2020-12-07 03:09:12.125', 'LT-000022', NULL, NULL),
('73bb53bc-9a37-4440-b2d3-849f6f5c2d0d', '4f2f8aa1-e9b3-4598-b305-cdcd369571c1', 'ACCOUNTS PAYABLE-CONSIGNMENT', '4424e46f-0938-493d-ab8c-0972986692b6', '1', '21110', NULL, NULL, NULL, NULL, 'admin', '2020-12-07 05:11:55.905', 'admin', '2020-12-07 05:25:16.477', 'LT-000039', NULL, NULL),
('746ccbc6-b251-48b0-b2d9-b6c0728a9b2f', '8d32b5e0-9eba-49f2-94a1-9705fdfd4b56', 'ELECTRICITY HOSPITAL (ADMIN SHARE-ACCRUED)', 'ebb5f6c2-ed02-4741-931c-e136d8dad466', '1', '80100', NULL, NULL, NULL, NULL, 'admin', '2020-12-26 13:31:50.335', 'admin', '2020-12-26 13:31:50.335', 'LT-000201', NULL, NULL),
('74e78fb0-ec89-49bf-b7f6-0e55faa43be6', '4f2f8aa1-e9b3-4598-b305-cdcd369571c1', 'ALLOWANCE FOR CREDIT LOSSES', '796ae082-c55a-423e-9b43-c16472b5f40a', '2', '11130', NULL, NULL, NULL, NULL, 'admin', '2020-12-07 02:30:02.982', 'admin', '2020-12-07 02:30:02.982', 'LT-000018', NULL, NULL),
('75d471e1-7d90-44ac-bd07-30d042df13f7', '8d32b5e0-9eba-49f2-94a1-9705fdfd4b56', 'DIRECT MATERIALS', '417b6403-a3d6-48ca-a7d9-f038aa35c88c', '1', '32000', NULL, NULL, NULL, NULL, 'admin', '2020-12-14 05:04:08.947', 'admin', '2020-12-21 16:56:54.948', 'LT-000115', 't', NULL),
('77e2e29b-3917-4a40-96d8-28e75b314680', '8d32b5e0-9eba-49f2-94a1-9705fdfd4b56', 'OTHER OUTSIDE SERVICES', 'ebb5f6c2-ed02-4741-931c-e136d8dad466', '2', '80040', NULL, NULL, NULL, NULL, 'admin', '2020-12-24 01:39:53.746', 'admin', '2020-12-24 01:39:53.746', 'LT-000163', NULL, NULL),
('78e0480e-a73a-4f70-b485-7aa78fccb8c6', '8d32b5e0-9eba-49f2-94a1-9705fdfd4b56', 'TOTAL', '4fe412a1-79df-41a9-9fdd-168829f84c20', '0', '22100', NULL, NULL, NULL, NULL, 'admin', '2020-12-14 04:25:28.332', 'admin', '2020-12-14 04:26:56.987', 'LT-000112', 't', NULL),
('7964e8d1-84b6-432c-9c9f-acc160578e2a', '4f2f8aa1-e9b3-4598-b305-cdcd369571c1', 'HOSPITAL BUILDING', '515f72f8-ef9b-4bf8-944d-6ba96333cc04', '1', '13110', NULL, NULL, NULL, NULL, 'admin', '2020-12-07 02:43:08.174', 'admin', '2020-12-07 03:09:02.649', 'LT-000020', NULL, NULL),
('796ae082-c55a-423e-9b43-c16472b5f40a', '4f2f8aa1-e9b3-4598-b305-cdcd369571c1', 'CURRENT ASSETS', 'f0c7ab0c-1c6d-47b4-96b8-edb7d4062ada', '4', '11000', NULL, NULL, NULL, NULL, 'admin', '2020-11-18 03:43:22.476', 'admin', '2020-11-18 16:20:41.398', 'LT-000009', 't', NULL),
('798f40c0-a787-4812-91e2-79008c180cc1', '4f2f8aa1-e9b3-4598-b305-cdcd369571c1', 'OUTPUT TAX', '4424e46f-0938-493d-ab8c-0972986692b6', '1', '21340', NULL, NULL, NULL, NULL, 'admin', '2020-12-07 09:56:45.87', 'admin', '2020-12-07 09:57:07.902', 'LT-000065', NULL, NULL),
('7ac0c75f-59b6-4717-9f62-a533d322a6fa', '4f2f8aa1-e9b3-4598-b305-cdcd369571c1', 'OTHER CURRENT PAYABLES-ADVANCES FROM PATIENTS', '4424e46f-0938-493d-ab8c-0972986692b6', '1', '21304', NULL, NULL, NULL, NULL, 'admin', '2020-12-07 09:46:11.565', 'admin', '2020-12-07 09:46:11.565', 'LT-000059', NULL, NULL),
('7ba44b87-5167-4c22-87ce-0c8399b01b72', '8d32b5e0-9eba-49f2-94a1-9705fdfd4b56', 'SEND-OUTS', 'ebb5f6c2-ed02-4741-931c-e136d8dad466', '1', '80390', NULL, 't', NULL, 't', 'admin', '2020-12-28 09:23:16.313', 'admin', '2020-12-28 09:23:22.358', 'LT-000230', 't', NULL),
('7e4155e6-fb24-46b0-a8a1-dfda7a2f390a', '8d32b5e0-9eba-49f2-94a1-9705fdfd4b56', 'TOTAL SALES', NULL, '0', '11500', NULL, NULL, NULL, NULL, 'admin', '2020-12-13 05:40:10.231', 'admin', '2020-12-14 00:49:16.354', 'LT-000098', 't', NULL),
('7e5f55fd-7d14-4cfe-8ac5-fb1aa8bb224e', '8d32b5e0-9eba-49f2-94a1-9705fdfd4b56', 'OTHER REVENUES-BAYVIEW/DIETARY', NULL, '4', '60000', NULL, NULL, NULL, NULL, 'admin', '2020-12-22 01:29:19.928', 'admin', '2020-12-23 05:58:22.261', 'LT-000138', NULL, 't'),
('81c85875-f539-45c5-b8fe-059d3c19b091', '4f2f8aa1-e9b3-4598-b305-cdcd369571c1', 'PERMITS  AND LICENSE PAYABLE', '4424e46f-0938-493d-ab8c-0972986692b6', '2', '21350', NULL, NULL, NULL, NULL, 'admin', '2020-12-07 10:00:07.32', 'admin', '2020-12-07 10:00:07.32', 'LT-000066', NULL, NULL),
('8263d261-ddd7-45f8-ba7e-786e0b0ac71d', '8d32b5e0-9eba-49f2-94a1-9705fdfd4b56', 'SALES', '4fe412a1-79df-41a9-9fdd-168829f84c20', '1', '21000', NULL, 't', 'f', 't', 'admin', '2020-12-14 02:08:34.964', 'admin', '2020-12-14 06:12:12.337', 'LT-000108', 't', NULL),
('8276b2ad-90e1-4859-8f15-c5781d275e34', '8d32b5e0-9eba-49f2-94a1-9705fdfd4b56', 'TOTAL BAYVIEW AND DIETARY', '7e5f55fd-7d14-4cfe-8ac5-fb1aa8bb224e', '0', '62100', NULL, NULL, NULL, NULL, 'admin', '2020-12-23 06:20:07.514', 'admin', '2020-12-23 06:23:22.839', 'LT-000154', 't', NULL),
('82daf78a-b1ff-4045-b64f-7856401e653f', '8d32b5e0-9eba-49f2-94a1-9705fdfd4b56', 'SALES', NULL, '4', '10001', NULL, NULL, NULL, NULL, 'admin', '2020-11-18 04:10:56.028', 'admin', '2020-12-20 14:25:28.585', 'LT-000013', 't', NULL),
('850883cf-8101-47db-83b6-ed54e7b9a9f8', '8d32b5e0-9eba-49f2-94a1-9705fdfd4b56', '     ', NULL, '4', '80531', NULL, NULL, NULL, NULL, 'admin', '2020-12-30 01:44:31.463', 'admin', '2020-12-30 01:44:31.463', 'LT-000251', NULL, NULL),
('851bb746-0183-4036-8451-2d39f6405a42', '8d32b5e0-9eba-49f2-94a1-9705fdfd4b56', 'GROSS MARGIN', NULL, '4', '13000', NULL, NULL, NULL, NULL, 'admin', '2020-11-18 04:12:56.743', 'admin', '2020-12-13 05:38:31.706', 'LT-000015', 't', NULL),
('8b3ecff8-b7ae-46a1-95b9-2b3d7d5eea05', '4f2f8aa1-e9b3-4598-b305-cdcd369571c1', 'ADVANCES TO SUPPLIERS', '796ae082-c55a-423e-9b43-c16472b5f40a', '2', '11116', NULL, NULL, NULL, NULL, 'admin', '2020-12-06 04:51:23.254', 'admin', '2020-12-06 04:51:23.254', 'LT-000004', NULL, NULL),
('8cffc414-e999-4387-8703-1e7986ceab5d', '4f2f8aa1-e9b3-4598-b305-cdcd369571c1', 'TOTAL CURRENT ASSETS', 'f0c7ab0c-1c6d-47b4-96b8-edb7d4062ada', '0', '11131', NULL, NULL, NULL, NULL, 'admin', '2020-12-07 04:46:16.539', 'admin', '2020-12-12 01:21:08.613', 'LT-000034', 't', NULL),
('8d359e8f-4b7f-4b40-979c-d04b9b8ffa76', '4f2f8aa1-e9b3-4598-b305-cdcd369571c1', 'ACCOUNTS PAYABLE-OTHER PDC''S', '4424e46f-0938-493d-ab8c-0972986692b6', '1', '21120', NULL, NULL, NULL, NULL, 'admin', '2020-12-07 05:14:06.686', 'admin', '2020-12-07 05:25:20.292', 'LT-000040', NULL, NULL),
('8d5ce4b7-eb80-4869-8e99-9bd2c8278a29', '8d32b5e0-9eba-49f2-94a1-9705fdfd4b56', 'INSURANCE EXPENSE', 'ebb5f6c2-ed02-4741-931c-e136d8dad466', '2', '80160', NULL, NULL, NULL, NULL, 'admin', '2020-12-26 21:44:28.494', 'admin', '2020-12-28 03:32:51.69', 'LT-000207', 'f', NULL),
('8dd4f9dc-0eae-485c-a618-10d1cbd50765', '8d32b5e0-9eba-49f2-94a1-9705fdfd4b56', 'TOTAL GROSS HOSPITAL REVENUES', NULL, '0', '55000', NULL, NULL, NULL, NULL, 'admin', '2020-12-21 22:28:27.062', 'admin', '2020-12-21 23:44:03.709', 'LT-000132', NULL, 't'),
('8e218f06-7f25-4238-8a1b-63d407612c2b', '8d32b5e0-9eba-49f2-94a1-9705fdfd4b56', 'HOUSEKEEPING SUPPLIES', 'ebb5f6c2-ed02-4741-931c-e136d8dad466', '2', '80410', NULL, NULL, NULL, NULL, 'admin', '2020-12-28 10:37:01.814', 'admin', '2020-12-28 10:37:01.814', 'LT-000232', NULL, NULL),
('924f977f-7d5f-4c27-9cc5-e65f2f76b186', '4f2f8aa1-e9b3-4598-b305-cdcd369571c1', 'INVENTORY-DRUGS AND MEDICINES', '796ae082-c55a-423e-9b43-c16472b5f40a', '1', '11121', NULL, 't', NULL, 't', 'admin', '2020-12-07 01:28:10.018', 'admin', '2020-12-09 10:02:07.832', 'LT-000010', NULL, NULL),
('927198d3-ab79-445e-800d-074135815a62', '4f2f8aa1-e9b3-4598-b305-cdcd369571c1', 'INTANGIBLE ASSET', '515f72f8-ef9b-4bf8-944d-6ba96333cc04', '1', '13200', NULL, NULL, NULL, NULL, 'admin', '2020-12-07 03:13:59.179', 'admin', '2020-12-08 04:17:50.319', 'LT-000030', NULL, NULL),
('934cd2d0-f459-4405-97e2-f4bc73ea8ad6', '8d32b5e0-9eba-49f2-94a1-9705fdfd4b56', 'SALARIES AND WAGES', 'ebb5f6c2-ed02-4741-931c-e136d8dad466', '1', '80010', NULL, 't', NULL, 't', 'admin', '2020-12-23 05:23:29.251', 'admin', '2020-12-24 01:34:54.59', 'LT-000153', 't', NULL),
('95e84731-290e-4e95-891f-66a50a0378e7', '4f2f8aa1-e9b3-4598-b305-cdcd369571c1', 'ACCOUNT RECEIVABLES -CORPORATE/PN', '2e78e051-07d7-47c6-ad47-aebb91e21bd9', '1', '11110', NULL, 't', 't', NULL, 'admin', '2020-12-06 03:52:28.675', 'admin', '2020-12-10 05:55:29.579', 'LT-000001', NULL, NULL),
('9629e0e7-4233-4fdd-869b-239f603ae174', '4f2f8aa1-e9b3-4598-b305-cdcd369571c1', 'TOTAL CURRENT LIABILITIES', 'd8f46f8e-02a8-4247-80f9-c516ab770c82', '0', '21500', NULL, NULL, NULL, NULL, 'admin', '2020-12-07 15:47:43.531', 'admin', '2020-12-12 01:54:45.674', 'LT-000078', 't', NULL),
('962a7617-4f73-4c3d-a31b-6417cd5896bb', '4f2f8aa1-e9b3-4598-b305-cdcd369571c1', 'TAXES PAYABLE-PAYABLE-VAT PAYABLE', '4424e46f-0938-493d-ab8c-0972986692b6', '1', '21460', NULL, NULL, NULL, NULL, 'admin', '2020-12-07 10:24:46.266', 'admin', '2020-12-07 15:29:59.35', 'LT-000075', NULL, NULL),
('9686abcd-f4c7-4e47-8557-d85a9ecdeb9d', '8d32b5e0-9eba-49f2-94a1-9705fdfd4b56', 'SALES', '417b6403-a3d6-48ca-a7d9-f038aa35c88c', '1', '31000', NULL, 't', 'f', 't', 'admin', '2020-12-14 04:53:22.946', 'admin', '2020-12-14 06:12:18.062', 'LT-000114', 't', NULL),
('99bdc5f9-34e8-479b-88e0-b1bd1648a8b3', '8d32b5e0-9eba-49f2-94a1-9705fdfd4b56', 'EMPLOYEE DEVELOPMENT', 'ebb5f6c2-ed02-4741-931c-e136d8dad466', '2', '80360', NULL, NULL, NULL, NULL, 'admin', '2020-12-28 09:01:30.366', 'admin', '2020-12-28 09:01:30.366', 'LT-000227', NULL, NULL),
('9ba19897-3413-4af7-aa40-62832d33367c', '8d32b5e0-9eba-49f2-94a1-9705fdfd4b56', 'PROVISION FOR DEPRECIATION', NULL, '1', '90300', NULL, 't', 'f', 't', 'admin', '2020-12-30 02:08:00.482', 'admin', '2020-12-30 02:15:32.033', 'LT-000256', 't', NULL),
('9c380a93-0622-4e6b-abc6-00698c08e02e', '8d32b5e0-9eba-49f2-94a1-9705fdfd4b56', 'MISCELLANEOUS EXPENSE', 'ebb5f6c2-ed02-4741-931c-e136d8dad466', '1', '80310', NULL, NULL, NULL, NULL, 'admin', '2020-12-28 07:19:37.977', 'admin', '2020-12-28 07:23:53.456', 'LT-000222', NULL, NULL),
('9c91d88c-bb07-4f7a-9f0a-441225f8ffb1', '4f2f8aa1-e9b3-4598-b305-cdcd369571c1', 'INVENTORY-MEDICAL SUPPLIES', '796ae082-c55a-423e-9b43-c16472b5f40a', '1', '11122', NULL, 't', NULL, 't', 'admin', '2020-12-07 01:29:27.324', 'admin', '2020-12-09 10:09:48.973', 'LT-000011', NULL, NULL),
('9ceb4863-25d3-4d9b-ab2e-fd57f89641cd', '8d32b5e0-9eba-49f2-94a1-9705fdfd4b56', 'ELECTRICITY-PUMPHOUSE', 'ebb5f6c2-ed02-4741-931c-e136d8dad466', '1', '80110', NULL, NULL, NULL, NULL, 'admin', '2020-12-26 13:32:43.014', 'admin', '2020-12-26 13:32:43.014', 'LT-000202', NULL, NULL),
('9d4b411c-1be8-4c48-97c7-5a1af01a4163', '8d32b5e0-9eba-49f2-94a1-9705fdfd4b56', 'PROFESSIONAL FEES - ACCOUNTING SERVICES', 'ebb5f6c2-ed02-4741-931c-e136d8dad466', '2', '80290', NULL, NULL, NULL, NULL, 'admin', '2020-12-28 07:02:58.614', 'admin', '2020-12-28 07:02:58.614', 'LT-000220', NULL, NULL),
('9d72682c-f9b0-45ad-811a-0982aa900936', '4f2f8aa1-e9b3-4598-b305-cdcd369571c1', 'NON-CURRENT ASSETS', 'f0c7ab0c-1c6d-47b4-96b8-edb7d4062ada', '4', '12000', NULL, NULL, NULL, NULL, 'admin', '2020-11-18 03:43:50.116', 'admin', '2020-11-18 16:26:24.952', 'LT-000010', 't', NULL),
('9e0275d7-aaef-4c27-b9c6-f3ef99398df1', '4f2f8aa1-e9b3-4598-b305-cdcd369571c1', 'COMPENSATION RELATED-ACCRUED SALARIES AND WAGES PAYABLE', '4424e46f-0938-493d-ab8c-0972986692b6', '2', '21170', NULL, NULL, NULL, NULL, 'admin', '2020-12-07 05:36:24.846', 'admin', '2020-12-07 05:38:15.8', 'LT-000045', NULL, NULL),
('9ea4d4fd-435d-4d93-9d81-cc8b9519d39e', '8d32b5e0-9eba-49f2-94a1-9705fdfd4b56', 'DIETARY', '7e5f55fd-7d14-4cfe-8ac5-fb1aa8bb224e', '1', '62000', NULL, NULL, NULL, NULL, 'admin', '2020-12-22 01:31:12.416', 'admin', '2020-12-23 06:01:12.163', 'LT-000140', NULL, NULL),
('a1cbf40f-242d-4e7e-8d02-0c1006ec1386', '8d32b5e0-9eba-49f2-94a1-9705fdfd4b56', 'TOTAL COST OF SALES BAYVIEW & DIETARY', '13e19bc1-58d6-49ac-8c56-61f82e0d64bd', '0', '62500', NULL, NULL, NULL, NULL, 'admin', '2020-12-23 07:03:36.601', 'admin', '2020-12-23 07:05:14.818', 'LT-000158', 't', NULL),
('a2abe2a8-2f13-41a1-b745-a76e3a4012de', '8d32b5e0-9eba-49f2-94a1-9705fdfd4b56', 'MEDICINES', '851bb746-0183-4036-8451-2d39f6405a42', '0', '13100', NULL, NULL, NULL, NULL, 'admin', '2020-12-13 05:44:43.206', 'admin', '2020-12-21 04:51:22.485', 'LT-000103', 'f', NULL),
('a59c9062-1573-46f7-8689-006c44df6a10', '8d32b5e0-9eba-49f2-94a1-9705fdfd4b56', '    ', NULL, '4', '90211', NULL, NULL, NULL, NULL, 'admin', '2020-12-30 01:57:38.907', 'admin', '2020-12-30 01:57:38.907', 'LT-000255', NULL, NULL),
('a667d1b2-cbd1-4f78-a26b-d7b14586f256', '4f2f8aa1-e9b3-4598-b305-cdcd369571c1', 'ACCOUNTS PAYABLE- FOUNDERS', '4424e46f-0938-493d-ab8c-0972986692b6', '1', '21480', NULL, NULL, NULL, NULL, 'admin', '2020-12-07 15:30:35.143', 'admin', '2020-12-07 15:30:52.91', 'LT-000077', NULL, NULL),
('a7e19bc4-eefa-480d-b294-9838bfaf1d02', '8d32b5e0-9eba-49f2-94a1-9705fdfd4b56', 'OTHER SUPPLIES', 'ebb5f6c2-ed02-4741-931c-e136d8dad466', '2', '80460', NULL, NULL, NULL, NULL, 'admin', '2020-12-29 09:37:40.182', 'admin', '2020-12-29 09:37:40.182', 'LT-000237', NULL, NULL),
('a7e38a7d-e9b1-46ea-9fc7-fbbc95d81fae', '8d32b5e0-9eba-49f2-94a1-9705fdfd4b56', 'PENALTIES AND CHARGES', 'ebb5f6c2-ed02-4741-931c-e136d8dad466', '2', '80280', NULL, NULL, NULL, NULL, 'admin', '2020-12-28 06:58:55.156', 'admin', '2020-12-28 06:58:55.156', 'LT-000219', NULL, NULL),
('a8530dbf-27b9-40e6-9b67-baba8defb5a8', '4f2f8aa1-e9b3-4598-b305-cdcd369571c1', 'ACCOUNTS PAYABLE-PROGRESS BILLING', '4424e46f-0938-493d-ab8c-0972986692b6', '1', '21140', NULL, NULL, NULL, NULL, 'admin', '2020-12-07 05:17:49.752', 'admin', '2020-12-07 05:25:28.819', 'LT-000042', NULL, NULL),
('a88f9ce2-3c7b-4d85-b921-94c3a08f4a96', '8d32b5e0-9eba-49f2-94a1-9705fdfd4b56', 'AUDIT FEES', 'ebb5f6c2-ed02-4741-931c-e136d8dad466', '2', '80260', NULL, NULL, NULL, NULL, 'admin', '2020-12-28 06:53:07.695', 'admin', '2020-12-28 06:53:07.695', 'LT-000217', NULL, NULL),
('a97cbdb8-6b00-414e-8df8-be07ff923242', '4f2f8aa1-e9b3-4598-b305-cdcd369571c1', 'TAXES PAYABLE-EWT DOCTOR''S FEE  (10%)', '4424e46f-0938-493d-ab8c-0972986692b6', '1', '21410', NULL, NULL, NULL, NULL, 'admin', '2020-12-07 10:04:50.596', 'admin', '2020-12-07 10:04:50.596', 'LT-000070', NULL, NULL),
('aa5ea99c-e90e-4625-80ba-69a8d87412d7', '8d32b5e0-9eba-49f2-94a1-9705fdfd4b56', ' GROSS MARGIN - BAYVIEW & DIETARY', NULL, '0', '62600', NULL, NULL, NULL, NULL, 'admin', '2020-12-23 07:07:20.583', 'admin', '2020-12-30 01:24:58.772', 'LT-000159', 'f', 't'),
('ab893db1-04bb-4322-af47-b8cfbb22db16', '4f2f8aa1-e9b3-4598-b305-cdcd369571c1', 'OTHER NON-CURRENT ASSETS', 'c0761e50-aca3-453b-8a0f-e1165c261719', '1', '14110', NULL, NULL, NULL, NULL, 'admin', '2020-12-07 04:41:14.021', 'admin', '2020-12-07 04:42:21.669', 'LT-000033', 'f', NULL),
('ad290646-7145-4a86-a1ea-13b34f41f314', '8d32b5e0-9eba-49f2-94a1-9705fdfd4b56', 'MEDICINES', '82daf78a-b1ff-4045-b64f-7856401e653f', '1', '10100', NULL, 't', 'f', 't', 'admin', '2020-12-13 05:41:55.35', 'admin', '2020-12-22 09:54:09.355', 'LT-000099', 't', NULL),
('ad4c39aa-c1ce-4a90-957f-9a9e75718072', '8d32b5e0-9eba-49f2-94a1-9705fdfd4b56', 'DE MINIMIS', 'ebb5f6c2-ed02-4741-931c-e136d8dad466', '1', '80370', NULL, 't', NULL, 't', 'admin', '2020-12-28 09:03:56.029', 'admin', '2020-12-28 09:04:57.452', 'LT-000228', 't', NULL),
('ae096d72-c07f-47ba-b36b-2283d5a208a9', '8d32b5e0-9eba-49f2-94a1-9705fdfd4b56', 'OVERHEAD', '2590ef69-3021-4bf9-b2ad-220bd47fa6db', '1', '42000', NULL, NULL, NULL, NULL, 'admin', '2020-12-21 17:51:40.18', 'admin', '2020-12-21 18:18:05.658', 'LT-000124', 't', NULL),
('af40e4bc-b677-41c7-8b97-b9aa4926fe2f', '4f2f8aa1-e9b3-4598-b305-cdcd369571c1', 'ENGINEERING TOOLS AND SUPPLIES', '796ae082-c55a-423e-9b43-c16472b5f40a', '2', '11117', NULL, NULL, NULL, NULL, 'admin', '2020-12-07 01:11:27.583', 'admin', '2020-12-07 01:11:27.583', 'LT-000006', NULL, NULL),
('b0949165-70e2-4390-8e8e-fc6b385f45a9', '4f2f8aa1-e9b3-4598-b305-cdcd369571c1', 'ACCOUNTS RECEIVABLE-PATIENTS', '2e78e051-07d7-47c6-ad47-aebb91e21bd9', '1', '11112', NULL, 't', 't', NULL, 'admin', '2020-12-10 04:30:04.099', 'admin', '2020-12-10 05:55:47.942', 'LT-000091', NULL, NULL),
('b11b9160-be6f-4615-92e3-b2db60d266ee', '4f2f8aa1-e9b3-4598-b305-cdcd369571c1', 'TOOLS & KITCHEN EQUIPMENT-DIETARY', '515f72f8-ef9b-4bf8-944d-6ba96333cc04', '1', '13195', NULL, NULL, NULL, NULL, 'admin', '2020-12-07 03:12:03.376', 'admin', '2020-12-07 03:12:03.376', 'LT-000029', NULL, NULL),
('b206979d-5d70-430c-884f-ea7cd06662d9', '8d32b5e0-9eba-49f2-94a1-9705fdfd4b56', 'TOTAL OVERHEAD', '7e5f55fd-7d14-4cfe-8ac5-fb1aa8bb224e', '0', '62120', NULL, NULL, NULL, NULL, 'admin', '2020-12-31 12:47:48.719', 'admin', '2020-12-31 12:49:06.873', 'LT-000261', 't', NULL),
('b2f7d137-0358-4523-b202-eac34c2feea1', '4f2f8aa1-e9b3-4598-b305-cdcd369571c1', 'OTHER CURRENT ASSETS', '796ae082-c55a-423e-9b43-c16472b5f40a', '1', '11124', NULL, 't', NULL, NULL, 'admin', '2020-12-07 02:00:43.41', 'admin', '2020-12-09 05:10:10.19', 'LT-000013', NULL, NULL),
('b3250924-14ec-410d-a73c-f4dc7431fe13', '8d32b5e0-9eba-49f2-94a1-9705fdfd4b56', 'PROVISION FOR DOUBTFUL ACCOUNTS', '1dd690a3-7377-4219-a94c-c682a54270f7', '1', '90200', NULL, 't', 't', 'f', 'admin', '2020-12-29 10:22:06.097', 'admin', '2020-12-30 01:19:13.795', 'LT-000245', 't', NULL),
('b3627302-edba-471e-8c1a-69db6257b5d0', '8d32b5e0-9eba-49f2-94a1-9705fdfd4b56', 'GROSS MARGIN', '417b6403-a3d6-48ca-a7d9-f038aa35c88c', '0', '32300', NULL, NULL, NULL, NULL, 'admin', '2020-12-14 06:46:33.109', 'admin', '2020-12-14 06:46:59.946', 'LT-000118', 't', NULL),
('b3881f23-1853-472a-a48d-f29a5283bc40', '8d32b5e0-9eba-49f2-94a1-9705fdfd4b56', 'TAXES AND LICENSES', 'ebb5f6c2-ed02-4741-931c-e136d8dad466', '2', '80090', NULL, NULL, NULL, NULL, 'admin', '2020-12-26 12:08:23.951', 'admin', '2020-12-26 12:08:23.951', 'LT-000200', NULL, NULL),
('b4440894-78b3-4403-b346-992a7e55cdf0', '4f2f8aa1-e9b3-4598-b305-cdcd369571c1', 'HOSPITAL BUILDING WATERPUMP', '515f72f8-ef9b-4bf8-944d-6ba96333cc04', '1', '13120', NULL, NULL, NULL, NULL, 'admin', '2020-12-07 02:45:01.281', 'admin', '2020-12-07 03:09:23.246', 'LT-000021', NULL, NULL),
('b70a5ca5-8c89-42a3-98a8-085f65e94d2c', '4f2f8aa1-e9b3-4598-b305-cdcd369571c1', 'ALLOWANCES FOR DOUBFUL ACCOUNTS-CORPORATE/PN', '2e78e051-07d7-47c6-ad47-aebb91e21bd9', '1', '11111', NULL, 't', 't', NULL, 'admin', '2020-12-09 09:22:33.657', 'admin', '2020-12-10 05:56:23.135', 'LT-000089', NULL, NULL),
('b884e45b-945b-4b43-b952-edc6cd2a7b52', '8d32b5e0-9eba-49f2-94a1-9705fdfd4b56', 'SEMINARS', '2e8aa48e-23a2-4631-887b-3b89d3963996', '1', '70500', NULL, NULL, NULL, NULL, 'admin', '2020-12-22 01:48:22.935', 'admin', '2020-12-23 07:27:23.816', 'LT-000147', NULL, NULL),
('b88a2171-c7f8-49d4-8bf7-32aae86f6f00', '8d32b5e0-9eba-49f2-94a1-9705fdfd4b56', 'MAILING/POSTAGE/COURIER', 'ebb5f6c2-ed02-4741-931c-e136d8dad466', '2', '80240', NULL, NULL, NULL, NULL, 'admin', '2020-12-28 06:49:54.105', 'admin', '2020-12-28 06:49:54.105', 'LT-000215', NULL, NULL),
('b920d3ed-5dcb-4002-beec-c4f0c3ce068e', '8d32b5e0-9eba-49f2-94a1-9705fdfd4b56', 'OTHER NON-MEDICAL AND NON-SURGICAL SUPPLIES', 'ebb5f6c2-ed02-4741-931c-e136d8dad466', '2', '80170', NULL, NULL, NULL, NULL, 'admin', '2020-12-28 03:50:04.044', 'admin', '2020-12-28 03:50:04.044', 'LT-000208', NULL, NULL),
('ba557fc4-b937-48fb-b839-0631dee5652b', '4f2f8aa1-e9b3-4598-b305-cdcd369571c1', 'OTHER CURRENT PAYABLES-OTHER ADVANCES', '4424e46f-0938-493d-ab8c-0972986692b6', '1', '21305', NULL, NULL, NULL, NULL, 'admin', '2020-12-07 09:50:36.759', 'admin', '2020-12-07 09:50:36.759', 'LT-000060', NULL, NULL),
('ba849cb8-5f7b-4b2f-8dfe-d384e6aa7dc5', '8d32b5e0-9eba-49f2-94a1-9705fdfd4b56', 'DRINKING WATER SUPPLY', 'ebb5f6c2-ed02-4741-931c-e136d8dad466', '2', '80120', NULL, NULL, NULL, NULL, 'admin', '2020-12-26 15:53:30.842', 'admin', '2020-12-26 15:53:30.842', 'LT-000203', NULL, NULL),
('bd1c5789-fadd-4e11-8495-0df01e547839', '4f2f8aa1-e9b3-4598-b305-cdcd369571c1', 'TAXES PAYABLE-PROPERTY TAX PAYABLE-BUILDING', '4424e46f-0938-493d-ab8c-0972986692b6', '1', '21440', NULL, NULL, NULL, NULL, 'admin', '2020-12-07 10:12:34.047', 'admin', '2020-12-07 10:12:34.047', 'LT-000073', NULL, NULL),
('bdca6eb0-2349-42b6-9629-6115370b33f4', '8d32b5e0-9eba-49f2-94a1-9705fdfd4b56', 'SECURITY SERVICES (ACCRUED)', 'ebb5f6c2-ed02-4741-931c-e136d8dad466', '2', '80080', NULL, NULL, NULL, NULL, 'admin', '2020-12-26 11:41:11.717', 'admin', '2020-12-26 11:41:24.342', 'LT-000199', NULL, NULL),
('be622f75-205a-430f-b393-3d074c5d12bc', '8d32b5e0-9eba-49f2-94a1-9705fdfd4b56', 'PAG-IBIG EXPENSE', 'ebb5f6c2-ed02-4741-931c-e136d8dad466', '1', '80200', NULL, 't', NULL, 't', 'admin', '2020-12-28 06:37:43.302', 'admin', '2020-12-28 06:38:04.435', 'LT-000211', 't', NULL),
('be73bae5-58f6-4437-b95c-6083d514e111', '4f2f8aa1-e9b3-4598-b305-cdcd369571c1', 'PREPAID EXPENSES', '796ae082-c55a-423e-9b43-c16472b5f40a', '2', '11126', NULL, NULL, NULL, NULL, 'admin', '2020-12-07 02:07:32.383', 'admin', '2020-12-07 02:07:32.383', 'LT-000014', NULL, NULL),
('be8c59f2-72ac-4ae0-984c-6aa62388454a', '4f2f8aa1-e9b3-4598-b305-cdcd369571c1', 'COMPENSATION RELATED-HDMF CONTRIBUTION', '4424e46f-0938-493d-ab8c-0972986692b6', '2', '21180', NULL, NULL, NULL, NULL, 'admin', '2020-12-07 05:39:22.652', 'admin', '2020-12-07 05:39:28.07', 'LT-000046', NULL, NULL),
('bf253ab8-657e-4eba-9286-5cc5355f97a2', '4f2f8aa1-e9b3-4598-b305-cdcd369571c1', 'ACCOUNTS RECEIVABLE-CLEARING', '2e78e051-07d7-47c6-ad47-aebb91e21bd9', '1', '11109', NULL, NULL, NULL, NULL, 'admin', '2020-12-10 04:26:36.209', 'admin', '2020-12-10 04:36:03.751', 'LT-000090', NULL, NULL),
('c0399b85-2af5-4746-a26b-61807b4ffc9a', '8d32b5e0-9eba-49f2-94a1-9705fdfd4b56', 'LESS: COST OF SALES', NULL, '4', '12000', NULL, NULL, NULL, NULL, 'admin', '2020-11-18 04:11:31.879', 'admin', '2020-12-13 05:38:23.066', 'LT-000014', 't', NULL),
('c0761e50-aca3-453b-8a0f-e1165c261719', '4f2f8aa1-e9b3-4598-b305-cdcd369571c1', 'OTHER NON-CURRENT ASSETS', 'f0c7ab0c-1c6d-47b4-96b8-edb7d4062ada', '4', '14000', NULL, 't', NULL, NULL, 'admin', '2020-12-07 03:16:56.648', 'admin', '2020-12-09 05:16:09.355', 'LT-000031', 't', NULL),
('c0aa3040-ec28-4424-ae97-11f4bd103ee8', '8d32b5e0-9eba-49f2-94a1-9705fdfd4b56', 'TELEPHONE & COMMUNICATION', 'ebb5f6c2-ed02-4741-931c-e136d8dad466', '2', '80210', NULL, NULL, NULL, NULL, 'admin', '2020-12-28 06:39:52.529', 'admin', '2020-12-28 06:39:52.529', 'LT-000212', NULL, NULL),
('c0b7f154-2322-46c9-8f66-1ec070e0e813', '4f2f8aa1-e9b3-4598-b305-cdcd369571c1', 'EQUITY', NULL, '4', '30000', NULL, 'f', 'f', 'f', 'admin', '2020-11-18 02:04:45.343', 'admin', '2020-11-18 16:20:36.231', 'LT-000008', 't', NULL),
('c11353fe-0edc-4037-ab01-474bd4fd4809', '4f2f8aa1-e9b3-4598-b305-cdcd369571c1', 'HOSPITAL FURNITURES & FIXTURES', '515f72f8-ef9b-4bf8-944d-6ba96333cc04', '1', '13170', NULL, NULL, NULL, NULL, 'admin', '2020-12-07 03:06:09.771', 'admin', '2020-12-08 04:18:24.175', 'LT-000026', NULL, NULL),
('c16f4d54-7e9e-4130-9888-ebaf1f096c38', '8d32b5e0-9eba-49f2-94a1-9705fdfd4b56', 'MEDICINES AND SUPPLIES', NULL, '4', '10000', NULL, NULL, NULL, NULL, 'admin', '2020-11-18 04:09:47.251', 'admin', '2020-12-13 05:49:19.188', 'LT-000012', 'f', 't'),
('c3194b15-fe70-494e-9a90-22897ec93fdc', '8d32b5e0-9eba-49f2-94a1-9705fdfd4b56', 'TOTAL OPERATING EXPENSES', NULL, '0', '80520', NULL, NULL, NULL, NULL, 'admin', '2020-12-30 01:23:37.65', 'admin', '2020-12-30 01:23:37.65', 'LT-000247', NULL, 't'),
('c4847905-1794-4f0f-bfc3-b7082dc42529', '8d32b5e0-9eba-49f2-94a1-9705fdfd4b56', 'CONSIGNMENT', '2e8aa48e-23a2-4631-887b-3b89d3963996', '1', '70700', NULL, NULL, NULL, NULL, 'admin', '2020-12-22 01:50:29.598', 'admin', '2020-12-23 07:28:15.102', 'LT-000149', NULL, NULL),
('c88decaa-48c2-45eb-bb4e-48d7fe6e5370', '8d32b5e0-9eba-49f2-94a1-9705fdfd4b56', 'BANK CHARGES', 'ebb5f6c2-ed02-4741-931c-e136d8dad466', '2', '80340', NULL, NULL, NULL, NULL, 'admin', '2020-12-28 07:43:16.045', 'admin', '2020-12-28 07:43:16.045', 'LT-000225', NULL, NULL),
('cc5e195d-6c72-451c-a03d-5292da4ad6b4', '8d32b5e0-9eba-49f2-94a1-9705fdfd4b56', 'NET INCOME (LOSS) AFTER PROVISION', NULL, '0', '99999', NULL, NULL, NULL, NULL, 'admin', '2020-12-30 02:16:45.766', 'admin', '2020-12-30 02:17:34.046', 'LT-000257', NULL, 't'),
('cc6ec6c7-9e69-45d4-a8b9-0047c8ecc66d', '4f2f8aa1-e9b3-4598-b305-cdcd369571c1', 'SALES TAX', '4424e46f-0938-493d-ab8c-0972986692b6', '2', '21370', NULL, NULL, NULL, NULL, 'admin', '2020-12-07 10:02:07.249', 'admin', '2020-12-07 10:02:07.249', 'LT-000068', NULL, NULL),
('cda7c834-f1f3-4f75-9761-dcbfdf1ce9fb', '8d32b5e0-9eba-49f2-94a1-9705fdfd4b56', 'MEDICAL/BASIC SUPPLIES', 'ebb5f6c2-ed02-4741-931c-e136d8dad466', '2', '80440', NULL, NULL, NULL, NULL, 'admin', '2020-12-29 09:36:52.983', 'admin', '2020-12-29 09:36:52.983', 'LT-000235', NULL, NULL),
('d17c059b-8f63-4748-a5a1-2801feb8cb4a', '4f2f8aa1-e9b3-4598-b305-cdcd369571c1', 'OFFICE EQUIPTMENT', '515f72f8-ef9b-4bf8-944d-6ba96333cc04', '1', '13150', NULL, NULL, NULL, NULL, 'admin', '2020-12-07 02:55:38.123', 'admin', '2020-12-07 03:09:34.292', 'LT-000024', NULL, NULL),
('d1c77ba6-7a30-4c74-b963-7d9440885750', '4f2f8aa1-e9b3-4598-b305-cdcd369571c1', 'TOTAL LIABILITY AND EQUITY', NULL, '0', '3600', NULL, NULL, NULL, NULL, 'admin', '2020-12-12 04:53:36.17', 'admin', '2020-12-12 05:40:46.866', 'LT-000097', 'f', 't'),
('d6fb8d6b-9a79-4393-9ab2-f151cac7d26e', '4f2f8aa1-e9b3-4598-b305-cdcd369571c1', 'RETAINED EARNINGS (DEFICIT)', 'c0b7f154-2322-46c9-8f66-1ec070e0e813', '2', '33000', NULL, NULL, NULL, NULL, 'admin', '2020-12-08 07:48:30.89', 'admin', '2020-12-08 07:48:30.89', 'LT-000087', NULL, NULL),
('d6ffd5b1-f40a-41c9-9749-b95ee9707776', '4f2f8aa1-e9b3-4598-b305-cdcd369571c1', 'PREPAID INSURANCE', '796ae082-c55a-423e-9b43-c16472b5f40a', '1', '11127', NULL, 't', NULL, NULL, 'admin', '2020-12-07 02:09:39.79', 'admin', '2020-12-09 05:11:54.48', 'LT-000015', NULL, NULL),
('d71ca5b8-5e4e-4116-9ef2-bf3787e9ac35', '8d32b5e0-9eba-49f2-94a1-9705fdfd4b56', 'MEDICAL SUPPLIES', '851bb746-0183-4036-8451-2d39f6405a42', '0', '13110', NULL, NULL, NULL, NULL, 'admin', '2020-12-13 05:45:02.586', 'admin', '2020-12-21 04:52:41.97', 'LT-000104', 'f', NULL),
('d7a643b3-2bcf-4b0d-afb6-acefcde43eb1', '8d32b5e0-9eba-49f2-94a1-9705fdfd4b56', 'REPRESENTATION', 'ebb5f6c2-ed02-4741-931c-e136d8dad466', '2', '80140', NULL, NULL, NULL, NULL, 'admin', '2020-12-26 15:57:27.324', 'admin', '2020-12-26 15:57:27.324', 'LT-000205', NULL, NULL),
('d8f46f8e-02a8-4247-80f9-c516ab770c82', '4f2f8aa1-e9b3-4598-b305-cdcd369571c1', 'LIABILITIES', NULL, '4', '20000', NULL, 'f', 'f', 'f', 'admin', '2020-11-18 02:04:31.284', 'admin', '2020-11-18 16:20:31.45', 'LT-000007', 't', NULL),
('da3d0cec-1a17-4e4a-b2c5-ed313cbe1453', '8d32b5e0-9eba-49f2-94a1-9705fdfd4b56', 'MEDICINES', 'c0399b85-2af5-4746-a26b-61807b4ffc9a', '1', '12100', NULL, 't', 'f', 't', 'admin', '2020-12-13 05:43:21.464', 'admin', '2020-12-21 04:50:49.942', 'LT-000101', 't', NULL),
('e04fcb67-9aef-4576-a760-077861a9b01b', '8d32b5e0-9eba-49f2-94a1-9705fdfd4b56', 'INTEREST EXPENSE ', '1dd690a3-7377-4219-a94c-c682a54270f7', '1', '90100', NULL, 't', NULL, 't', 'admin', '2020-12-29 10:21:14.571', 'admin', '2020-12-31 11:17:35.386', 'LT-000244', NULL, NULL),
('e180a06a-6c60-4a0c-a56f-4ee398dc65f9', '4f2f8aa1-e9b3-4598-b305-cdcd369571c1', 'OTHER RECEIVABLES', '796ae082-c55a-423e-9b43-c16472b5f40a', '1', '11125', NULL, 't', NULL, NULL, 'admin', '2020-12-06 04:01:52.848', 'admin', '2020-12-09 05:11:01.366', 'LT-000002', NULL, NULL),
('e19f0df9-a4d9-46fd-be1b-b4aa37b9fdd2', '8d32b5e0-9eba-49f2-94a1-9705fdfd4b56', 'ENGINEERING SUPPLIES', 'ebb5f6c2-ed02-4741-931c-e136d8dad466', '2', '80490', NULL, NULL, NULL, NULL, 'admin', '2020-12-29 09:38:49.849', 'admin', '2020-12-29 09:38:49.849', 'LT-000240', NULL, NULL),
('e29ac4bb-e0cc-463a-b695-3e373406eae3', '8d32b5e0-9eba-49f2-94a1-9705fdfd4b56', 'TOTAL OVERHEAD', '2590ef69-3021-4bf9-b2ad-220bd47fa6db', '0', '42100', NULL, NULL, NULL, NULL, 'admin', '2020-12-21 17:53:19.878', 'admin', '2020-12-21 18:15:24.602', 'LT-000127', 't', NULL),
('e2efb7d6-bdee-460e-af37-5092234ff3ef', '4f2f8aa1-e9b3-4598-b305-cdcd369571c1', 'TAXES PAYABLE-EWT ON SUPPLIERS OF  SERVICES', '4424e46f-0938-493d-ab8c-0972986692b6', '1', '21430', NULL, NULL, NULL, NULL, 'admin', '2020-12-07 10:07:40.886', 'admin', '2020-12-07 10:07:40.886', 'LT-000072', NULL, NULL),
('e3032efc-4339-4eb8-866e-46d035c8e73e', '4f2f8aa1-e9b3-4598-b305-cdcd369571c1', 'RETENTION PAYABLE', '4424e46f-0938-493d-ab8c-0972986692b6', '2', '21360', NULL, NULL, NULL, NULL, 'admin', '2020-12-07 10:01:20.434', 'admin', '2020-12-07 10:01:20.434', 'LT-000067', NULL, NULL),
('e452f6fe-8632-4408-a985-8601bd1e4eda', '8d32b5e0-9eba-49f2-94a1-9705fdfd4b56', 'MEALS-NURSE', '69e8f11f-1ce1-4883-89e6-862af820d386', '1', '52101', NULL, NULL, NULL, NULL, 'admin', '2020-12-31 12:54:58.811', 'admin', '2020-12-31 12:56:41.021', 'LT-000262', NULL, NULL),
('e4b738c6-682d-4302-99f9-6e5fae318e85', '8d32b5e0-9eba-49f2-94a1-9705fdfd4b56', 'REBATES', '2e8aa48e-23a2-4631-887b-3b89d3963996', '1', '70600', NULL, NULL, NULL, NULL, 'admin', '2020-12-22 01:50:11.745', 'admin', '2020-12-23 07:27:53.035', 'LT-000148', NULL, NULL),
('e4d69d9c-3589-4634-983f-f42a8fec4c8c', '8d32b5e0-9eba-49f2-94a1-9705fdfd4b56', 'EMPLOYEE BENEFITS', 'ebb5f6c2-ed02-4741-931c-e136d8dad466', '2', '80380', NULL, NULL, NULL, NULL, 'admin', '2020-12-28 09:09:46.811', 'admin', '2020-12-28 09:09:46.811', 'LT-000229', NULL, NULL),
('e5488b2f-0903-46f7-aa6e-ec55d0323a1c', '8d32b5e0-9eba-49f2-94a1-9705fdfd4b56', 'RENTAL COMMERCIAL SPACE', '2e8aa48e-23a2-4631-887b-3b89d3963996', '1', '70800', NULL, NULL, NULL, NULL, 'admin', '2020-12-22 01:50:47.783', 'admin', '2020-12-23 07:28:37.556', 'LT-000150', NULL, NULL),
('e5c357ef-da9b-4830-91cd-f89146b921d5', '4f2f8aa1-e9b3-4598-b305-cdcd369571c1', 'FOOD SUPPLIES - INVENTORY', '796ae082-c55a-423e-9b43-c16472b5f40a', '1', '11118', NULL, 't', NULL, NULL, 'admin', '2020-12-07 01:12:52.802', 'admin', '2020-12-09 05:08:13.054', 'LT-000007', NULL, NULL),
('e74d409d-0a16-47f1-ac45-fa8fee2262a4', '8d32b5e0-9eba-49f2-94a1-9705fdfd4b56', 'TOTAL NON-OPERATING EXPENSES', NULL, '0', '90210', NULL, NULL, NULL, NULL, 'admin', '2020-12-30 01:20:16.109', 'admin', '2020-12-30 01:26:34.195', 'LT-000246', 'f', 't'),
('e83d276d-5285-4ddf-be2f-2bf650380ac3', '8d32b5e0-9eba-49f2-94a1-9705fdfd4b56', 'SALES RETURNS AND ALLOWANCES', '6f153a66-b773-4bb0-b37e-a08cee6430de', '2', '55200', NULL, NULL, NULL, NULL, 'admin', '2020-12-21 23:55:40.782', 'admin', '2020-12-22 00:01:48.647', 'LT-000135', 't', NULL),
('e882b7ca-3a9d-43f3-a0fa-5ea414d023d8', '4f2f8aa1-e9b3-4598-b305-cdcd369571c1', 'OTHER CURRENT PAYABLES-ACCRUED PAYABLES', '4424e46f-0938-493d-ab8c-0972986692b6', '1', '21302', NULL, NULL, NULL, NULL, 'admin', '2020-12-07 06:39:11.164', 'admin', '2020-12-07 06:39:11.164', 'LT-000057', NULL, NULL),
('e8983415-10c6-4133-a407-e93dd692bf91', '8d32b5e0-9eba-49f2-94a1-9705fdfd4b56', '13TH MONTH PAY (ACCRUED)', 'ebb5f6c2-ed02-4741-931c-e136d8dad466', '1', '80060', NULL, 't', NULL, 't', 'admin', '2020-12-24 02:07:27.498', 'admin', '2020-12-24 02:18:39.26', 'LT-000165', 't', NULL),
('e8eec904-dc1d-4497-b548-6dd950b1da66', '8d32b5e0-9eba-49f2-94a1-9705fdfd4b56', 'GROSS MARGIN', '2590ef69-3021-4bf9-b2ad-220bd47fa6db', '0', '43000', NULL, NULL, NULL, NULL, 'admin', '2020-12-21 17:52:08.528', 'admin', '2020-12-21 18:16:16.202', 'LT-000125', 't', NULL),
('e929f54e-7b52-4d97-9e7c-8c32fb405889', '8d32b5e0-9eba-49f2-94a1-9705fdfd4b56', 'CLEANING SUPPLIES', 'ebb5f6c2-ed02-4741-931c-e136d8dad466', '2', '80420', NULL, NULL, NULL, NULL, 'admin', '2020-12-28 22:48:00.574', 'admin', '2020-12-28 22:48:00.574', 'LT-000233', NULL, NULL),
('eaf6e19e-99c4-467d-ac30-74c33cb9430f', '8d32b5e0-9eba-49f2-94a1-9705fdfd4b56', 'DIETARY', '13e19bc1-58d6-49ac-8c56-61f82e0d64bd', '1', '62400', NULL, NULL, NULL, NULL, 'admin', '2020-12-23 06:26:27.057', 'admin', '2020-12-23 06:53:28.915', 'LT-000157', NULL, NULL),
('ebb5f6c2-ed02-4741-931c-e136d8dad466', '8d32b5e0-9eba-49f2-94a1-9705fdfd4b56', 'OPERATING EXPENSES', NULL, '4', '80000', NULL, NULL, NULL, NULL, 'admin', '2020-12-22 09:51:23.211', 'admin', '2020-12-22 09:51:23.211', 'LT-000152', NULL, 't'),
('ebbc4154-618e-4aef-9847-f867d6bf5bda', '4f2f8aa1-e9b3-4598-b305-cdcd369571c1', 'ADVANCES FROM SHAREHOLDERS-ADVANCES FROM NON-FOUNDERS', '6b3dc36d-a7e6-4fee-9c49-dd66b815b409', '1', '22100', NULL, NULL, NULL, NULL, 'admin', '2020-12-07 15:51:41.652', 'admin', '2020-12-07 15:53:19.572', 'LT-000079', NULL, NULL),
('ed9b1985-4da3-4091-9fe6-bc1d838a20a3', '8d32b5e0-9eba-49f2-94a1-9705fdfd4b56', 'FUEL AND GASOLINE', 'ebb5f6c2-ed02-4741-931c-e136d8dad466', '1', '80190', NULL, 't', NULL, 't', 'admin', '2020-12-28 06:18:47.083', 'admin', '2020-12-28 06:22:42.712', 'LT-000210', 't', NULL),
('ee31b87f-d5cc-4136-9450-21b9fb5c1872', '4f2f8aa1-e9b3-4598-b305-cdcd369571c1', 'MEDICAL  EQUIPTMENT', '515f72f8-ef9b-4bf8-944d-6ba96333cc04', '1', '13140', NULL, NULL, NULL, NULL, 'admin', '2020-12-07 02:54:37.785', 'admin', '2020-12-07 03:09:29.775', 'LT-000023', NULL, NULL),
('ee54c038-40e2-4fca-baa3-157c2d687f8c', '8d32b5e0-9eba-49f2-94a1-9705fdfd4b56', 'TOTAL ANCILLARY REVENUE', 'f71429dd-133c-4d67-8553-cb6f9d738585', '0', '51100', NULL, NULL, NULL, NULL, 'admin', '2020-12-21 18:19:31.696', 'admin', '2020-12-21 18:20:01.346', 'LT-000128', 't', NULL),
('eebeab65-9cac-4274-95cc-1b49364fed5f', '4f2f8aa1-e9b3-4598-b305-cdcd369571c1', 'TAXES PAYABLE-WITHOLDING TAX OTHERS', '4424e46f-0938-493d-ab8c-0972986692b6', '1', '21470', NULL, NULL, NULL, NULL, 'admin', '2020-12-07 15:29:39.889', 'admin', '2020-12-07 15:29:39.889', 'LT-000076', NULL, NULL),
('eff249c8-28ff-40f1-b5c3-4ac134962677', '4f2f8aa1-e9b3-4598-b305-cdcd369571c1', 'TOTAL EQUITY', 'c0b7f154-2322-46c9-8f66-1ec070e0e813', '0', '35000', NULL, NULL, NULL, NULL, 'admin', '2020-12-11 16:42:31.609', 'admin', '2020-12-12 01:14:30.747', 'LT-000095', 't', NULL),
('f0c7ab0c-1c6d-47b4-96b8-edb7d4062ada', '4f2f8aa1-e9b3-4598-b305-cdcd369571c1', 'ASSETS', NULL, '4', '10000', NULL, 'f', 'f', 'f', 'admin', '2020-11-18 02:03:29.296', 'admin', '2020-11-18 16:20:21.962', 'LT-000006', 't', NULL),
('f18363e9-643f-4660-b7d5-b64c0b8fb6fb', '4f2f8aa1-e9b3-4598-b305-cdcd369571c1', 'COMPENSATION RELATED-SSS CONTRIBUTIONS', '4424e46f-0938-493d-ab8c-0972986692b6', '2', '21183', NULL, NULL, NULL, NULL, 'admin', '2020-12-07 05:46:59.718', 'admin', '2020-12-07 05:47:12.625', 'LT-000049', NULL, NULL),
('f1acb81f-025e-46a7-b454-f0123156aacf', '8d32b5e0-9eba-49f2-94a1-9705fdfd4b56', 'FUEL-GENERATOR', 'ebb5f6c2-ed02-4741-931c-e136d8dad466', '1', '80510', NULL, 'f', 'f', 'f', 'admin', '2020-12-29 09:42:23.749', 'admin', '2020-12-29 11:49:49.343', 'LT-000242', 'f', NULL),
('f246fc12-79da-497e-af3f-d4a428a1d615', '8d32b5e0-9eba-49f2-94a1-9705fdfd4b56', 'OPERATING INCOME (LOSS)', NULL, '0', '80530', NULL, NULL, NULL, NULL, 'admin', '2020-12-30 01:42:29.574', 'admin', '2020-12-30 01:42:29.574', 'LT-000249', NULL, 't'),
('f2a1f160-44cb-4227-a1e6-4ac965ba4357', '8d32b5e0-9eba-49f2-94a1-9705fdfd4b56', 'ALCOHOL & SANITIZER', 'ebb5f6c2-ed02-4741-931c-e136d8dad466', '2', '80400', NULL, 'f', NULL, NULL, 'admin', '2020-12-28 10:36:07.483', 'admin', '2020-12-28 10:36:07.483', 'LT-000231', NULL, NULL),
('f3d9acc4-a2df-4d6a-9453-155d7383ba7f', '4f2f8aa1-e9b3-4598-b305-cdcd369571c1', 'PREPAID RENT', '796ae082-c55a-423e-9b43-c16472b5f40a', '2', '11128', NULL, NULL, NULL, NULL, 'admin', '2020-12-07 02:27:22.674', 'admin', '2020-12-07 02:27:22.674', 'LT-000016', NULL, NULL),
('f4617255-4999-401c-93c4-0c3a08f64ad7', '4f2f8aa1-e9b3-4598-b305-cdcd369571c1', 'COMPENSATION RELATED-HDMF LOANS', '4424e46f-0938-493d-ab8c-0972986692b6', '2', '21181', NULL, NULL, NULL, NULL, 'admin', '2020-12-07 05:40:21.202', 'admin', '2020-12-07 05:40:21.202', 'LT-000047', NULL, NULL),
('f5844a14-e0bc-4d32-8494-8f360a74f875', '4f2f8aa1-e9b3-4598-b305-cdcd369571c1', 'BANK LOAN-EQUIPMENT', '4424e46f-0938-493d-ab8c-0972986692b6', '1', '21201', NULL, NULL, NULL, NULL, 'admin', '2020-12-07 06:31:00.418', 'admin', '2020-12-07 06:31:00.418', 'LT-000053', NULL, NULL),
('f5a7c06d-7f1e-46e0-bfd3-d8b02a6db371', '8d32b5e0-9eba-49f2-94a1-9705fdfd4b56', 'BAYVIEW', '13e19bc1-58d6-49ac-8c56-61f82e0d64bd', '1', '62300', NULL, NULL, NULL, NULL, 'admin', '2020-12-23 06:25:41.281', 'admin', '2020-12-23 06:44:04.781', 'LT-000156', NULL, NULL),
('f71429dd-133c-4d67-8553-cb6f9d738585', '8d32b5e0-9eba-49f2-94a1-9705fdfd4b56', 'ANCILLARY INCOME', NULL, '4', '50000', NULL, NULL, NULL, NULL, 'admin', '2020-11-18 04:13:52.783', 'admin', '2020-12-21 17:00:17.507', 'LT-000016', 'f', 't'),
('f743b12d-0d8f-4b26-8cf2-ad304c2681fd', '4f2f8aa1-e9b3-4598-b305-cdcd369571c1', 'TAXES PAYABLE-EWT ON COMPENSATION', '4424e46f-0938-493d-ab8c-0972986692b6', '1', '21420', NULL, NULL, NULL, NULL, 'admin', '2020-12-07 10:05:26.142', 'admin', '2020-12-07 10:05:26.142', 'LT-000071', NULL, NULL),
('f7d50b20-ef9a-4bf1-8f2d-2bef96a9993b', '8d32b5e0-9eba-49f2-94a1-9705fdfd4b56', 'PHIC EXPENSE', 'ebb5f6c2-ed02-4741-931c-e136d8dad466', '1', '80180', NULL, 't', NULL, 't', 'admin', '2020-12-28 05:20:42.525', 'admin', '2020-12-28 06:29:57.608', 'LT-000209', 't', NULL),
('f927ffdb-a529-4f4c-a9cd-32668717380d', '4f2f8aa1-e9b3-4598-b305-cdcd369571c1', 'DEFERRED TAX ASSET', 'c0761e50-aca3-453b-8a0f-e1165c261719', '2', '14100', NULL, NULL, NULL, NULL, 'admin', '2020-12-07 04:18:49.305', 'admin', '2020-12-07 04:18:49.305', 'LT-000032', NULL, NULL),
('fa7c553e-0f11-4e7e-bbef-2447fff371ed', '4f2f8aa1-e9b3-4598-b305-cdcd369571c1', 'BANK LOAN-WORKING CAPITAL', '4424e46f-0938-493d-ab8c-0972986692b6', '1', '21202', NULL, NULL, NULL, NULL, 'admin', '2020-12-07 06:32:48.356', 'admin', '2020-12-07 06:32:48.356', 'LT-000054', NULL, NULL),
('ff2ab607-8592-4a87-8b82-cf14ffeebfc0', '4f2f8aa1-e9b3-4598-b305-cdcd369571c1', 'TOTAL NON-CURRENT ASSETS', 'f0c7ab0c-1c6d-47b4-96b8-edb7d4062ada', '0', '14111', NULL, NULL, NULL, NULL, 'admin', '2020-12-07 05:01:52.433', 'admin', '2020-12-12 01:29:03.022', 'LT-000035', 't', NULL);



INSERT INTO "accounting"."source_line_type" ("id", "line_type", "operation_type", "created_by", "created_date", "last_modified_by", "last_modified_date", "code", "linetype_parent") VALUES
('0341da78-f3a1-4199-9a8e-c46772d45922', '12344280-65bd-4eaf-b6e2-a7919c39f9ac', 'ADD', 'admin', '2020-12-23 07:38:42.463', 'admin', '2020-12-23 07:38:42.463', 'RST-000234', '06352b14-b594-4bdf-ac36-bc5924339586'),
('0400ad3f-dfb1-4f70-9042-908d04bd30c6', '9ba19897-3413-4af7-aa40-62832d33367c', 'SUBTRACT', 'admin', '2020-12-30 02:18:25.79', 'admin', '2020-12-30 02:18:25.79', 'RST-000355', 'cc5e195d-6c72-451c-a03d-5292da4ad6b4'),
('052596f1-c793-4afb-b218-ed1bc5c84e69', '68f861e6-ea4d-4980-88d4-7c7794e06f4d', 'ADD', 'admin', '2020-12-21 22:27:01.665', 'admin', '2020-12-21 22:27:01.665', 'RST-000189', '6efee7fd-d770-4e91-a954-bf9a745cc770'),
('07ad425c-c06a-44e5-b3ca-c323f9b75033', '8dd4f9dc-0eae-485c-a618-10d1cbd50765', 'ADD', 'admin', '2020-12-22 01:25:54.804', 'admin', '2020-12-22 01:25:54.804', 'RST-000201', '651420d3-ebf5-4d64-9777-f6fba7930981'),
('083ff000-4fae-4ee3-835f-4a21a425b91d', 'b3250924-14ec-410d-a73c-f4dc7431fe13', 'ADD', 'admin', '2020-12-30 01:20:37.131', 'admin', '2020-12-30 01:20:37.131', 'RST-000321', 'e74d409d-0a16-47f1-ac45-fa8fee2262a4'),
('08a061b7-7ea9-496e-a6c4-0aa27421915b', 'e04fcb67-9aef-4576-a760-077861a9b01b', 'ADD', 'admin', '2020-12-30 01:20:30.522', 'admin', '2020-12-30 01:20:30.522', 'RST-000320', 'e74d409d-0a16-47f1-ac45-fa8fee2262a4'),
('11ce5666-282a-4565-9c22-efb053f0b468', 'ebb5f6c2-ed02-4741-931c-e136d8dad466', 'ADD', 'admin', '2020-12-30 01:24:05.838', 'admin', '2020-12-30 01:24:05.838', 'RST-000322', 'c3194b15-fe70-494e-9a90-22897ec93fdc'),
('14ecc69e-8e7e-4181-9b90-76e740aaf2f1', '007eea44-abac-46cd-b177-1a3a79008e0e', 'ADD', 'admin', '2020-12-31 12:48:14.686', 'admin', '2020-12-31 12:48:14.686', 'RST-000359', 'b206979d-5d70-430c-884f-ea7cd06662d9'),
('19a8b334-2618-42ae-b544-bbb58dd4c7d5', 'ae096d72-c07f-47ba-b36b-2283d5a208a9', 'ADD', 'admin', '2020-12-21 18:15:37.098', 'admin', '2020-12-21 18:15:37.098', 'RST-000174', 'e29ac4bb-e0cc-463a-b695-3e373406eae3'),
('1a0e55cf-9385-49e7-941b-948d5b98e606', '70758c4b-6fe1-4dd1-878e-13dba3446089', 'ADD', 'admin', '2020-12-14 06:46:49.046', 'admin', '2020-12-14 06:46:49.046', 'RST-000167', 'b3627302-edba-471e-8c1a-69db6257b5d0'),
('1c095644-d6bf-449a-9b04-59e07b073fd4', '3aabee9f-ecfb-4ec0-b40b-c6b45f131011', 'SUBTRACT', 'admin', '2020-12-14 01:52:45.767', 'admin', '2020-12-14 01:52:45.767', 'RST-000152', 'd71ca5b8-5e4e-4116-9ef2-bf3787e9ac35'),
('1c142399-3a2d-4d9c-b0f3-24f7c90c9e20', 'da3d0cec-1a17-4e4a-b2c5-ed313cbe1453', 'SUBTRACT', 'admin', '2020-12-14 01:46:43.515', 'admin', '2020-12-14 01:46:43.515', 'RST-000150', 'a2abe2a8-2f13-41a1-b745-a76e3a4012de'),
('2421267a-4ba6-4f28-b90d-54157a94cb53', '796ae082-c55a-423e-9b43-c16472b5f40a', 'ADD', 'admin', '2020-12-12 01:21:13.609', 'admin', '2020-12-12 01:21:13.609', 'RST-000130', '8cffc414-e999-4387-8703-1e7986ceab5d'),
('269b8186-d675-47be-8068-27bad38d13e3', '3027f11a-2dfe-4e56-8e94-af05ef38118a', 'ADD', 'admin', '2020-12-23 07:37:51.485', 'admin', '2020-12-23 07:37:51.485', 'RST-000229', '06352b14-b594-4bdf-ac36-bc5924339586'),
('28ad3fc6-d813-4d2b-b7af-91444516654b', '3aabee9f-ecfb-4ec0-b40b-c6b45f131011', 'ADD', 'admin', '2020-12-14 01:41:52.259', 'admin', '2020-12-14 01:41:52.259', 'RST-000148', '5786314e-83d7-48f8-860a-2f82c6e2e39b'),
('32539767-d5a9-4b25-91b8-d3ed68d7233b', 'e4b738c6-682d-4302-99f9-6e5fae318e85', 'ADD', 'admin', '2020-12-23 07:38:05.726', 'admin', '2020-12-23 07:38:05.726', 'RST-000231', '06352b14-b594-4bdf-ac36-bc5924339586'),
('3669dd65-554f-49cd-a24f-d8ed49aa83eb', '8263d261-ddd7-45f8-ba7e-786e0b0ac71d', 'ADD', 'admin', '2020-12-14 04:25:53.771', 'admin', '2020-12-14 04:25:53.771', 'RST-000159', '64196c5b-a358-4953-b771-fcc9559661a5'),
('3b461506-0554-42d9-857e-08fd252b277c', '9629e0e7-4233-4fdd-869b-239f603ae174', 'ADD', 'admin', '2020-12-12 05:31:23.019', 'admin', '2020-12-12 05:31:23.019', 'RST-000137', 'd1c77ba6-7a30-4c74-b963-7d9440885750'),
('3b4c8485-5e3a-4232-b8f1-46979f413cf4', '9686abcd-f4c7-4e47-8557-d85a9ecdeb9d', 'ADD', 'admin', '2020-12-14 05:06:08.063', 'admin', '2020-12-14 05:06:08.063', 'RST-000165', '70758c4b-6fe1-4dd1-878e-13dba3446089'),
('3b59a469-6399-46a2-a1fc-9cd3edaa5863', '0d43159c-4225-4ae7-a029-d61c48d2c4fd', 'ADD', 'admin', '2020-12-14 00:49:27.14', 'admin', '2020-12-14 00:49:27.14', 'RST-000144', '7e4155e6-fb24-46b0-a8a1-dfda7a2f390a'),
('3c20a400-fc3c-4753-9957-87259ce19994', 'eff249c8-28ff-40f1-b5c3-4ac134962677', 'ADD', 'admin', '2020-12-12 05:31:39.531', 'admin', '2020-12-12 05:31:39.531', 'RST-000139', 'd1c77ba6-7a30-4c74-b963-7d9440885750'),
('3ecf8097-6332-4f9a-84ca-513fbec7021b', '56c8ee0a-78a8-403b-9090-0d6393a64e8b', 'ADD', 'admin', '2020-12-21 18:19:45.473', 'admin', '2020-12-21 18:19:45.473', 'RST-000177', 'ee54c038-40e2-4fca-baa3-157c2d687f8c'),
('40382ab4-49ab-4498-a6b4-39162d8d6a51', '011a790a-fc90-4ddc-9d2e-b0e6953610c9', 'ADD', 'admin', '2020-12-21 22:31:38.533', 'admin', '2020-12-21 22:31:38.533', 'RST-000195', '8dd4f9dc-0eae-485c-a618-10d1cbd50765'),
('486a6dbb-b83d-47d2-a346-65a9246ef1d7', '5f7279a3-dc69-419e-bf0a-4c717f7164f6', 'ADD', 'admin', '2020-12-12 01:14:38.65', 'admin', '2020-12-12 01:14:38.65', 'RST-000126', 'eff249c8-28ff-40f1-b5c3-4ac134962677'),
('4c60b6ac-2311-4ca9-8a47-5a9c512895eb', '4e80e854-f22d-46c0-92b9-3aada5ba4360', 'SUBTRACT', 'admin', '2020-12-14 06:46:55.394', 'admin', '2020-12-14 06:46:55.394', 'RST-000168', 'b3627302-edba-471e-8c1a-69db6257b5d0'),
('4d2ac7da-8887-4a90-abe0-a2971aa49807', 'ff2ab607-8592-4a87-8b82-cf14ffeebfc0', 'ADD', 'admin', '2020-12-12 04:58:36.762', 'admin', '2020-12-12 04:58:36.762', 'RST-000136', '02d38194-aaa9-4806-9f5c-b06633d746af'),
('533d27b0-c813-46be-9557-240741c8e85c', '8276b2ad-90e1-4859-8f15-c5781d275e34', 'ADD', 'admin', '2020-12-23 07:07:38.157', 'admin', '2020-12-23 07:07:38.157', 'RST-000215', 'aa5ea99c-e90e-4625-80ba-69a8d87412d7'),
('57271cf8-17ba-4589-b8f9-be43c8ea9c8e', 'ad290646-7145-4a86-a1ea-13b34f41f314', 'ADD', 'admin', '2020-12-14 00:49:22.076', 'admin', '2020-12-14 00:49:22.076', 'RST-000143', '7e4155e6-fb24-46b0-a8a1-dfda7a2f390a'),
('59935836-30f8-4ce3-9b55-14d4868d81d3', '27ab172a-acac-4218-9765-0c47547a18d2', 'ADD', 'admin', '2020-12-22 01:24:18.035', 'admin', '2020-12-22 01:24:18.035', 'RST-000200', '0e19a135-bdcd-4722-bdbd-9c066833d4d4'),
('60581c52-ae05-4a54-ad84-1eb2c070aafc', 'ad290646-7145-4a86-a1ea-13b34f41f314', 'ADD', 'admin', '2020-12-14 01:46:33.538', 'admin', '2020-12-14 01:46:33.538', 'RST-000149', 'a2abe2a8-2f13-41a1-b745-a76e3a4012de'),
('65c0d189-7f70-4a36-9ecc-3ec37756e2be', '8cffc414-e999-4387-8703-1e7986ceab5d', 'ADD', 'admin', '2020-12-12 04:58:20.604', 'admin', '2020-12-12 04:58:20.604', 'RST-000135', '02d38194-aaa9-4806-9f5c-b06633d746af'),
('7486f41e-35ed-4697-a836-34e5ba88d50d', 'b884e45b-945b-4b43-b952-edc6cd2a7b52', 'ADD', 'admin', '2020-12-23 07:37:59.022', 'admin', '2020-12-23 07:37:59.022', 'RST-000230', '06352b14-b594-4bdf-ac36-bc5924339586'),
('75785560-961f-4d2e-a5ea-04690d5efdfe', '9ea4d4fd-435d-4d93-9d81-cc8b9519d39e', 'ADD', 'admin', '2020-12-23 06:20:51.772', 'admin', '2020-12-23 06:20:51.772', 'RST-000210', '8276b2ad-90e1-4859-8f15-c5781d275e34'),
('76ff8e05-3426-45d2-937f-883a945b5efa', 'e8eec904-dc1d-4497-b548-6dd950b1da66', 'ADD', 'admin', '2020-12-21 22:31:28.358', 'admin', '2020-12-21 22:31:28.358', 'RST-000194', '8dd4f9dc-0eae-485c-a618-10d1cbd50765'),
('77a6d8c2-3da4-4330-a1c4-c330ad301719', 'c0761e50-aca3-453b-8a0f-e1165c261719', 'ADD', 'admin', '2020-12-12 01:29:29.241', 'admin', '2020-12-12 01:29:29.241', 'RST-000132', 'ff2ab607-8592-4a87-8b82-cf14ffeebfc0'),
('787bcc1e-cc3c-4cb8-83e1-6973fbde71b5', '45c592ba-9dfd-4291-86af-74442a34fe89', 'ADD', 'admin', '2020-12-23 06:20:42.361', 'admin', '2020-12-23 06:20:42.361', 'RST-000209', '8276b2ad-90e1-4859-8f15-c5781d275e34'),
('7881ce46-2748-42e8-82d1-cf17b96d1f46', 'f5a7c06d-7f1e-46e0-bfd3-d8b02a6db371', 'ADD', 'admin', '2020-12-23 07:03:51.179', 'admin', '2020-12-23 07:03:51.179', 'RST-000213', 'a1cbf40f-242d-4e7e-8d02-0c1006ec1386'),
('7985a680-ff02-4f76-bebc-31d9a0db258f', 'b3627302-edba-471e-8c1a-69db6257b5d0', 'ADD', 'admin', '2020-12-21 22:31:17.969', 'admin', '2020-12-21 22:31:17.969', 'RST-000193', '8dd4f9dc-0eae-485c-a618-10d1cbd50765'),
('79cebd55-ed1d-4d46-bcb4-e737d322de3c', '027903c6-aea7-4595-b11b-e69c8b2cfb1c', 'ADD', 'admin', '2020-12-30 02:18:03.354', 'admin', '2020-12-30 02:18:03.354', 'RST-000354', 'cc5e195d-6c72-451c-a03d-5292da4ad6b4'),
('7dc4b40b-4b6e-405b-92df-ddc4c6d3ea33', '0e19a135-bdcd-4722-bdbd-9c066833d4d4', 'ADD', 'admin', '2020-12-22 01:26:01.304', 'admin', '2020-12-22 01:26:01.304', 'RST-000202', '651420d3-ebf5-4d64-9777-f6fba7930981'),
('7ec89e89-3203-4358-adc0-9cf41793be2f', 'eaf6e19e-99c4-467d-ac30-74c33cb9430f', 'ADD', 'admin', '2020-12-23 07:04:01.355', 'admin', '2020-12-23 07:04:01.355', 'RST-000214', 'a1cbf40f-242d-4e7e-8d02-0c1006ec1386'),
('82a388c1-42ff-4346-9b7a-55359404919e', '69e8f11f-1ce1-4883-89e6-862af820d386', 'ADD', 'admin', '2020-12-21 22:26:53.76', 'admin', '2020-12-21 22:26:53.76', 'RST-000188', '6efee7fd-d770-4e91-a954-bf9a745cc770'),
('8f0e61d8-9e03-458a-af19-c8527de3a23a', '187b3c39-3cff-4c07-990e-30a9dd57631e', 'ADD', 'admin', '2020-12-21 18:13:02.359', 'admin', '2020-12-21 18:13:02.359', 'RST-000172', '4dd955ac-5716-4c44-82c4-19dc5470611b'),
('8fa972f9-e531-4f00-bebe-548d8ce7b4a8', 'a2abe2a8-2f13-41a1-b745-a76e3a4012de', 'ADD', 'admin', '2020-12-14 01:56:24.747', 'admin', '2020-12-14 01:56:24.747', 'RST-000153', '37a3e7ea-72d9-42cc-99f6-6bf35ebd104f'),
('91e70049-e0d5-4cd0-a0dd-4aca4bcd55b3', '4424e46f-0938-493d-ab8c-0972986692b6', 'ADD', 'admin', '2020-12-12 01:54:59.323', 'admin', '2020-12-12 01:54:59.323', 'RST-000133', '9629e0e7-4233-4fdd-869b-239f603ae174'),
('91f4c70d-dc64-418f-94c7-21754f253270', '06352b14-b594-4bdf-ac36-bc5924339586', 'ADD', 'admin', '2020-12-30 01:59:31.061', 'admin', '2020-12-30 01:59:31.061', 'RST-000329', 'f246fc12-79da-497e-af3f-d4a428a1d615'),
('93d253b4-a9e8-4e0a-9ff4-7f73cecfdf63', '12190a19-8913-4445-bf3a-07152b7cfd80', 'ADD', 'admin', '2020-12-12 01:15:13.108', 'admin', '2020-12-12 01:15:13.108', 'RST-000129', 'eff249c8-28ff-40f1-b5c3-4ac134962677'),
('96be8a70-0f12-4c4c-8618-cf424f094ffa', '006347e1-440c-42b7-bfdf-cbf586273299', 'ADD', 'admin', '2020-12-23 07:37:24.648', 'admin', '2020-12-23 07:37:24.648', 'RST-000227', '06352b14-b594-4bdf-ac36-bc5924339586'),
('9833c3ac-6c94-499d-b019-df52b7beee03', '37a3e7ea-72d9-42cc-99f6-6bf35ebd104f', 'ADD', 'admin', '2020-12-21 22:30:58.917', 'admin', '2020-12-21 22:30:58.917', 'RST-000191', '8dd4f9dc-0eae-485c-a618-10d1cbd50765'),
('9d63a7e7-59af-47d1-aef6-f9728eab0ff0', 'd71ca5b8-5e4e-4116-9ef2-bf3787e9ac35', 'ADD', 'admin', '2020-12-14 01:56:33.969', 'admin', '2020-12-14 01:56:33.969', 'RST-000154', '37a3e7ea-72d9-42cc-99f6-6bf35ebd104f'),
('9f5c4d79-66ff-4b2d-9f8e-31fad39ff70e', '015028ac-011c-4355-889f-4063f126b308', 'ADD', 'admin', '2020-12-23 07:37:13.546', 'admin', '2020-12-23 07:37:13.546', 'RST-000226', '06352b14-b594-4bdf-ac36-bc5924339586'),
('a2bfb9ca-4339-45b0-9a1b-aa7b07bb74c3', '3047d7d0-de3b-484d-b054-8aacd405d814', 'ADD', 'admin', '2020-12-23 07:37:36.396', 'admin', '2020-12-23 07:37:36.396', 'RST-000228', '06352b14-b594-4bdf-ac36-bc5924339586'),
('a4cb3931-4512-45af-bc0e-b90b9276deeb', 'e74d409d-0a16-47f1-ac45-fa8fee2262a4', 'SUBTRACT', 'admin', '2020-12-30 02:05:24.721', 'admin', '2020-12-30 02:05:24.721', 'RST-000332', '027903c6-aea7-4595-b11b-e69c8b2cfb1c'),
('a5ffb38b-b165-4b8a-ad54-e2a174dd6874', '4dd955ac-5716-4c44-82c4-19dc5470611b', 'ADD', 'admin', '2020-12-21 18:16:28.044', 'admin', '2020-12-21 18:16:28.044', 'RST-000175', 'e8eec904-dc1d-4497-b548-6dd950b1da66'),
('aa363d5c-bcd4-4fce-8f19-84f4dd6f524a', 'e5488b2f-0903-46f7-aa6e-ec55d0323a1c', 'ADD', 'admin', '2020-12-23 07:38:31.025', 'admin', '2020-12-23 07:38:31.025', 'RST-000233', '06352b14-b594-4bdf-ac36-bc5924339586'),
('ac3c10ff-5934-47eb-b983-0e7949f72d68', '9d72682c-f9b0-45ad-811a-0982aa900936', 'ADD', 'admin', '2020-12-12 01:29:14.961', 'admin', '2020-12-12 01:29:14.961', 'RST-000131', 'ff2ab607-8592-4a87-8b82-cf14ffeebfc0'),
('b2e9c07f-0a73-4316-b63a-2dcf39573470', 'c3194b15-fe70-494e-9a90-22897ec93fdc', 'SUBTRACT', 'admin', '2020-12-30 01:59:42.097', 'admin', '2020-12-30 01:59:42.097', 'RST-000330', 'f246fc12-79da-497e-af3f-d4a428a1d615'),
('c14880ca-9bc8-49c5-8dec-7d5568ab8d32', '0d43159c-4225-4ae7-a029-d61c48d2c4fd', 'ADD', 'admin', '2020-12-14 01:52:36.995', 'admin', '2020-12-14 01:52:36.995', 'RST-000151', 'd71ca5b8-5e4e-4116-9ef2-bf3787e9ac35'),
('c91e3689-5e65-42cc-800d-ac7afe75db4f', '26bbf968-c99c-492b-915a-8faa490d8e73', 'ADD', 'admin', '2020-12-21 22:31:08.12', 'admin', '2020-12-21 22:31:08.12', 'RST-000192', '8dd4f9dc-0eae-485c-a618-10d1cbd50765'),
('cd56a922-9205-48cf-80b4-7c84ae6c633a', '6b3dc36d-a7e6-4fee-9c49-dd66b815b409', 'ADD', 'admin', '2020-12-12 04:44:29.646', 'admin', '2020-12-12 04:44:29.646', 'RST-000134', '5aaaf3cf-c0c8-4b29-8e17-ba4b0d1885b0'),
('cd8797e7-3d7d-4c1f-83cf-94b7e0cc3567', 'f246fc12-79da-497e-af3f-d4a428a1d615', 'ADD', 'admin', '2020-12-30 02:05:15.317', 'admin', '2020-12-30 02:05:15.317', 'RST-000331', '027903c6-aea7-4595-b11b-e69c8b2cfb1c'),
('cf0e3d66-a068-4bd2-b810-ed419b000b92', '5aaaf3cf-c0c8-4b29-8e17-ba4b0d1885b0', 'ADD', 'admin', '2020-12-12 05:31:31.259', 'admin', '2020-12-12 05:31:31.259', 'RST-000138', 'd1c77ba6-7a30-4c74-b963-7d9440885750'),
('d289dfae-5b90-4fd9-9d83-04557172a2a3', 'e29ac4bb-e0cc-463a-b695-3e373406eae3', 'SUBTRACT', 'admin', '2020-12-21 18:16:37.3', 'admin', '2020-12-21 18:16:37.3', 'RST-000176', 'e8eec904-dc1d-4497-b548-6dd950b1da66'),
('de8014a4-b84e-4118-8ae7-3e07ba62459f', '61525631-3bb7-4b9b-8239-f1b53dde6771', 'ADD', 'admin', '2020-12-21 22:27:14.713', 'admin', '2020-12-21 22:27:14.713', 'RST-000190', '6efee7fd-d770-4e91-a954-bf9a745cc770'),
('deff3a13-0820-46fd-b960-c13b6241f458', 'd6fb8d6b-9a79-4393-9ab2-f151cac7d26e', 'ADD', 'admin', '2020-12-12 01:15:00.131', 'admin', '2020-12-12 01:15:00.131', 'RST-000128', 'eff249c8-28ff-40f1-b5c3-4ac134962677'),
('e5f16db0-c17f-46af-b13d-37fa63d55d16', '6efee7fd-d770-4e91-a954-bf9a745cc770', 'SUBTRACT', 'admin', '2020-12-21 22:26:44.189', 'admin', '2020-12-21 22:26:44.189', 'RST-000187', '011a790a-fc90-4ddc-9d2e-b0e6953610c9'),
('e6b997ba-c61b-45bb-b9d9-cb07fba5f76e', '0e9c4353-c7f0-4251-a794-c9f7cba812ac', 'ADD', 'admin', '2020-12-12 01:14:50.642', 'admin', '2020-12-12 01:14:50.642', 'RST-000127', 'eff249c8-28ff-40f1-b5c3-4ac134962677'),
('e8c7b958-03fd-4db9-a421-b8068b827ae0', 'a1cbf40f-242d-4e7e-8d02-0c1006ec1386', 'SUBTRACT', 'admin', '2020-12-23 07:07:48.098', 'admin', '2020-12-23 07:07:48.098', 'RST-000216', 'aa5ea99c-e90e-4625-80ba-69a8d87412d7'),
('eb35234e-f379-4104-b40f-5e5e631a0522', '64196c5b-a358-4953-b771-fcc9559661a5', 'ADD', 'admin', '2020-12-14 04:26:25.317', 'admin', '2020-12-14 04:26:25.317', 'RST-000161', '26bbf968-c99c-492b-915a-8faa490d8e73'),
('efb380a9-1eb0-404b-b515-7ab1fe32df13', '78e0480e-a73a-4f70-b485-7aa78fccb8c6', 'SUBTRACT', 'admin', '2020-12-14 04:26:32.633', 'admin', '2020-12-14 04:26:32.633', 'RST-000162', '26bbf968-c99c-492b-915a-8faa490d8e73'),
('efd15e4f-1642-4306-90bd-7869485b6d25', 'aa5ea99c-e90e-4625-80ba-69a8d87412d7', 'ADD', 'admin', '2020-12-30 01:59:19.644', 'admin', '2020-12-30 01:59:19.644', 'RST-000328', 'f246fc12-79da-497e-af3f-d4a428a1d615'),
('f034e76d-acc6-441d-b782-867bb7d7be26', 'da3d0cec-1a17-4e4a-b2c5-ed313cbe1453', 'ADD', 'admin', '2020-12-14 01:41:45.666', 'admin', '2020-12-14 01:41:45.666', 'RST-000147', '5786314e-83d7-48f8-860a-2f82c6e2e39b'),
('f16b6d1f-4e0f-447b-8776-b3d09447cb9c', '415fe5fb-9a64-40f7-b683-70ceab9125ab', 'ADD', 'admin', '2020-12-23 07:36:59.576', 'admin', '2020-12-23 07:36:59.576', 'RST-000225', '06352b14-b594-4bdf-ac36-bc5924339586'),
('f186d1f1-41b3-4396-befe-9a7d3669574c', 'c4847905-1794-4f0f-bfc3-b7082dc42529', 'ADD', 'admin', '2020-12-23 07:38:14.679', 'admin', '2020-12-23 07:38:14.679', 'RST-000232', '06352b14-b594-4bdf-ac36-bc5924339586'),
('f7e6ca6f-4cd2-4ba3-908b-af94cd988815', '1e648266-0329-4be8-b2df-81556e173aac', 'ADD', 'admin', '2020-12-14 04:26:07.336', 'admin', '2020-12-14 04:26:07.336', 'RST-000160', '78e0480e-a73a-4f70-b485-7aa78fccb8c6'),
('f858666a-60f6-4187-9ebc-dfd0b77d1360', 'ee54c038-40e2-4fca-baa3-157c2d687f8c', 'ADD', 'admin', '2020-12-21 22:23:44.815', 'admin', '2020-12-21 22:23:44.815', 'RST-000183', '011a790a-fc90-4ddc-9d2e-b0e6953610c9'),
('f86811ad-2534-4ca9-8825-ef8bd880692c', '651420d3-ebf5-4d64-9777-f6fba7930981', 'ADD', 'admin', '2020-12-30 01:59:07.138', 'admin', '2020-12-30 01:59:07.138', 'RST-000327', 'f246fc12-79da-497e-af3f-d4a428a1d615'),
('fba51fea-8680-448e-b5fc-3859f5ca9cb3', '75d471e1-7d90-44ac-bd07-30d042df13f7', 'ADD', 'admin', '2020-12-14 05:32:22.238', 'admin', '2020-12-14 05:32:22.238', 'RST-000166', '4e80e854-f22d-46c0-92b9-3aada5ba4360'),
('fe9786d5-9934-48ff-b87f-4be3a6587d7c', 'b206979d-5d70-430c-884f-ea7cd06662d9', 'SUBTRACT', 'admin', '2020-12-31 12:50:36.741', 'admin', '2020-12-31 12:50:36.741', 'RST-000360', 'aa5ea99c-e90e-4625-80ba-69a8d87412d7');

INSERT INTO "accounting"."chart_of_accounts" ("id", "account_code", "description", "category", "tags", "parent", "deprecated", "created_by", "created_date", "last_modified_by", "last_modified_date", "deleted", "account_type", "fs_type", "normal_side", "is_contra") VALUES
('98c404f3-c0f4-4d30-afad-4d3f90453ca7', '600470', 'PHIC EXPENSE', NULL, NULL, NULL, NULL, NULL, '2020-10-20 14:47:28.474', NULL, '2020-10-20 14:47:28.474', NULL, 'EXPENSE', 'INCOME', 'DEBIT', 'f');


INSERT INTO "accounting"."source_motheraccounts" ("id", "line_type", "chart_of_accounts", "value_type", "created_by", "created_date", "last_modified_by", "last_modified_date", "code") VALUES
('053fc7c5-40de-47af-a9eb-4b30d4471305', '1d89825b-7a7b-4948-8d35-a9247f93fcc3', '10c33bb3-9801-4734-81eb-614ef77df8ad', '2', 'admin', '2020-12-08 04:14:05.724', 'admin', '2020-12-08 04:14:05.724', 'RST-000093'),
('115fc8a9-2686-4a63-819d-f43145f6fc4b', '1ca4ca65-e837-4461-9eb7-d912b0de2a09', '56d7c1a5-b683-424a-aa0d-5ffb9906014f', '3', 'admin', '2020-12-29 10:14:53.885', 'admin', '2020-12-29 10:14:53.885', 'RST-000312'),
('11f83097-6651-4917-bc76-2f57b068bffa', '8d5ce4b7-eb80-4869-8e99-9bd2c8278a29', '2f2bf822-e221-445b-ba74-3d7afe2be91c', '3', 'admin', '2020-12-28 03:33:02.506', 'admin', '2020-12-28 03:33:02.506', 'RST-000281'),
('12857cd3-0288-43fd-82f9-437e7afdcf7e', '1493f2e1-90dc-4e93-b345-9e12629645fa', 'cca0b2e2-e248-4337-a4e2-dbbbfbbd163d', '3', 'admin', '2020-12-31 12:46:49.343', 'admin', '2020-12-31 12:46:49.343', 'RST-000358'),
('128fd9f9-1a0f-4e33-ba7b-17b91e5cc9b6', 'f2a1f160-44cb-4227-a1e6-4ac965ba4357', 'fdddbbd4-86e8-426d-a15f-a5ae9f107546', '3', 'admin', '2020-12-28 10:36:15.784', 'admin', '2020-12-28 10:36:15.784', 'RST-000306'),
('138e42e4-ee99-4759-8f4d-b4c83947b653', '37068bab-6be9-478d-b4ea-1ffc96f2afd7', '7e3dbb16-90c1-47f7-beac-67f630cb27e9', '3', 'admin', '2020-12-28 06:51:49.025', 'admin', '2020-12-28 06:51:49.025', 'RST-000291'),
('1503ee61-74af-4b6e-9774-d9056211ba44', '9d4b411c-1be8-4c48-97c7-5a1af01a4163', 'cdf2dab3-7385-4e9c-8ef6-f3b53084593d', '3', 'admin', '2020-12-28 07:03:06.647', 'admin', '2020-12-28 07:03:06.647', 'RST-000295'),
('23747802-62b6-4151-b83c-4e306dd9de25', '1ab7ad2e-193b-4c8b-b0ae-8095c98a4cb7', '29df4aaa-09b5-4b3e-b8be-667a4ff45e3f', '2', 'admin', '2020-12-07 06:26:06.471', 'admin', '2020-12-07 06:26:06.471', 'RST-000063'),
('2aa0298f-3b17-4098-adca-3216ad56a0fb', '8b3ecff8-b7ae-46a1-95b9-2b3d7d5eea05', '2d27955b-e8fa-4030-94f1-abe4ef381317', '2', 'admin', '2020-12-06 04:51:36.04', 'admin', '2020-12-06 04:51:36.04', 'RST-000018'),
('2b57ebe2-fc00-44d6-9c46-b32ccf55cf34', 'f4617255-4999-401c-93c4-0c3a08f64ad7', 'fceba4cf-8479-4af7-b7c8-e461e657855d', '2', 'admin', '2020-12-07 05:40:30.599', 'admin', '2020-12-07 05:40:30.599', 'RST-000059'),
('2c225725-e94c-4fa3-aa9f-881222bb94e5', '0e9c4353-c7f0-4251-a794-c9f7cba812ac', '429d68a9-3c47-48bf-888a-47caa3e4538f', '2', 'admin', '2020-12-08 07:48:07.52', 'admin', '2020-12-08 07:48:07.52', 'RST-000105'),
('2e29496c-4464-4ba0-8add-15cea6b3a8a7', 'af40e4bc-b677-41c7-8b97-b9aa4926fe2f', '992d21de-f491-4a8b-a2e2-9a16a93ef780', '2', 'admin', '2020-12-07 01:11:46.287', 'admin', '2020-12-07 01:11:46.287', 'RST-000019'),
('3318bd61-8675-4195-b8fc-a73335083039', '99bdc5f9-34e8-479b-88e0-b1bd1648a8b3', 'd333b47d-fe7b-4c40-b5f7-24109e2fca2c', '3', 'admin', '2020-12-28 09:01:55.268', 'admin', '2020-12-28 09:01:55.268', 'RST-000302'),
('3bd5f160-da21-42af-b9f1-093589f3c398', 'b3881f23-1853-472a-a48d-f29a5283bc40', '773346ca-a06a-4adb-8aa7-0bac512b3e51', '3', 'admin', '2020-12-26 12:08:35.429', 'admin', '2020-12-26 12:08:35.429', 'RST-000274'),
('42720508-fdee-44f1-b464-feb2a7706a89', '003b50eb-666a-4b5c-9bed-1e03ae07d42e', 'bb64146d-f1ff-4f40-bff0-cbe784730654', '2', 'admin', '2020-12-07 05:42:52.28', 'admin', '2020-12-07 05:42:52.28', 'RST-000060'),
('4346ec26-e563-46d4-bd62-e9bfb1c7612f', 'b920d3ed-5dcb-4002-beec-c4f0c3ce068e', '14b88b6a-5dc5-4fee-be12-3dc367b8e2ee', '3', 'admin', '2020-12-28 03:50:13.825', 'admin', '2020-12-28 03:50:13.825', 'RST-000282'),
('49ef60ac-b460-48b6-94f5-1b0da8fdcd86', 'a7e38a7d-e9b1-46ea-9fc7-fbbc95d81fae', 'dc4f7eaa-6e36-4ef7-96f3-8922cda2f4a0', '3', 'admin', '2020-12-28 06:59:07.322', 'admin', '2020-12-28 06:59:07.322', 'RST-000294'),
('4bcbf84c-2230-43ee-a58d-94256c5784f1', 'cda7c834-f1f3-4f75-9761-dcbfdf1ce9fb', '1ce7ee4d-ee87-41d7-9d32-4182e3e43ddc', '3', 'admin', '2020-12-29 10:14:24.658', 'admin', '2020-12-29 10:14:24.658', 'RST-000311'),
('4bf14d1f-f56e-41e3-8368-af891a949ac7', '6b1a7a9a-1e08-4d31-a182-23c4cc4ecfe7', '038fd283-385a-4949-be74-c5f61c7fde2f', '2', 'admin', '2020-12-07 05:48:18.881', 'admin', '2020-12-07 05:48:18.881', 'RST-000062'),
('4cf70b71-ec61-45af-9bef-0ab10162985e', '51b3a2c3-95ef-4de6-95c1-3594928a8105', '2b2bc178-d468-4d95-b92b-7dda3343456d', '3', 'admin', '2020-12-26 15:55:50.553', 'admin', '2020-12-26 15:55:50.553', 'RST-000278'),
('4ede2302-4427-49f8-ba8c-1251f9ba5e15', '81c85875-f539-45c5-b8fe-059d3c19b091', '3f8b92b9-3f07-4e66-a1e7-08809d0942b0', '2', 'admin', '2020-12-07 10:00:21.578', 'admin', '2020-12-07 10:00:21.578', 'RST-000078'),
('4f1dd568-e26b-446a-ac3b-60baa79547f1', '5f7279a3-dc69-419e-bf0a-4c717f7164f6', '36e57324-5aad-412c-bba0-62ca3f014369', '2', 'admin', '2020-12-08 07:47:29.946', 'admin', '2020-12-08 07:47:29.946', 'RST-000104'),
('56d2c7a0-7268-4d8a-83f8-024ebf962941', '5d37f884-c63c-4318-8a2b-aea4522e542c', '125bf5c6-155b-4623-948b-86835d260d8f', '3', 'admin', '2020-12-24 02:16:27.348', 'admin', '2020-12-24 02:16:27.348', 'RST-000240'),
('56f2a932-ad6f-41d5-b5ba-8e38ea5dee92', '261d214e-be0f-49ef-997f-345ed4d05178', 'a3881ffc-ce44-460a-91eb-d9dc2a70b6a7', '2', 'admin', '2020-12-06 04:50:45.502', 'admin', '2020-12-06 04:50:45.502', 'RST-000017'),
('5e521136-8018-4de0-8be4-09ed604fd327', '396e078c-fa05-47d4-9310-e072797f2212', '16d505ef-70af-4fe9-9815-61bf45b2e763', '3', 'admin', '2020-12-28 06:55:13.636', 'admin', '2020-12-28 06:55:13.636', 'RST-000293'),
('61f2e12b-d8b3-4776-96d3-2e0e0a3dac64', 'a7e19bc4-eefa-480d-b294-9838bfaf1d02', '76da9a8d-6c61-43d5-99c1-c9bdccdbe793', '3', 'admin', '2020-12-29 10:15:03.39', 'admin', '2020-12-29 10:15:03.39', 'RST-000313'),
('65e9b65f-e6e4-473b-81ab-cfd5fe988d03', '8e218f06-7f25-4238-8a1b-63d407612c2b', '93e8cfbc-0640-4c5c-9a85-220ae99c5a54', '3', 'admin', '2020-12-28 10:37:13.619', 'admin', '2020-12-28 10:37:13.619', 'RST-000307'),
('6763e646-4501-4943-a42b-e4533f35dc4f', '9e0275d7-aaef-4c27-b9c6-f3ef99398df1', '83b77bec-67b8-4305-97a5-89b0baed47f8', '2', 'admin', '2020-12-07 05:38:22.418', 'admin', '2020-12-07 05:38:22.418', 'RST-000057'),
('67f6cb9b-adfb-4a66-8910-66ceff7a0cfe', 'be73bae5-58f6-4437-b95c-6083d514e111', 'fe9bcf8b-4773-45b8-bea1-03921e8b18d0', '2', 'admin', '2020-12-07 02:07:41.069', 'admin', '2020-12-07 02:07:41.069', 'RST-000033'),
('69cc6306-1228-401b-9511-52b4d5219304', 'e04fcb67-9aef-4576-a760-077861a9b01b', '2f2bf822-e221-445b-ba74-3d7afe2be91c', '3', 'admin', '2020-12-29 10:21:23.087', 'admin', '2020-12-29 10:21:23.087', 'RST-000318'),
('6f72b6d2-2ebf-4301-ad19-17520fed3780', '4ea0dbf4-9f11-4749-91ba-26f62fbf3692', '3a9796e0-bd28-40ad-a7a3-da953c99bc6b', '2', 'admin', '2020-12-07 09:55:52.545', 'admin', '2020-12-07 09:55:52.545', 'RST-000076'),
('746caf44-fae2-4d2f-bc13-6f64d73ede1b', '12190a19-8913-4445-bf3a-07152b7cfd80', '27221b65-ca59-4602-bc48-71432eb72580', '2', 'admin', '2020-12-09 15:03:37.545', 'admin', '2020-12-09 15:03:37.545', 'RST-000112'),
('77dae162-ef6e-4176-ae8d-aa1c98b0a6c6', 'e4d69d9c-3589-4634-983f-f42a8fec4c8c', '43620078-7158-4b90-94a3-fc9b5b335f97', '3', 'admin', '2020-12-28 09:09:58.844', 'admin', '2020-12-28 09:09:58.844', 'RST-000304'),
('84a6a510-eab4-475c-a4b1-9013395484b6', 'f7d50b20-ef9a-4bf1-8f2d-2bef96a9993b', '98c404f3-c0f4-4d30-afad-4d3f90453ca7', '3', 'admin', '2020-12-28 05:20:54.915', 'admin', '2020-12-28 05:20:54.915', 'RST-000283'),
('8b0fb998-7310-4170-9c86-bd4551ad3da7', '74e78fb0-ec89-49bf-b7f6-0e55faa43be6', '724cee20-70b1-46a3-987b-746452190581', '2', 'admin', '2020-12-07 02:30:09.604', 'admin', '2020-12-07 02:30:09.604', 'RST-000039'),
('8ebf5095-21c7-4e0c-b520-df79af5bb829', 'b88a2171-c7f8-49d4-8bf7-32aae86f6f00', 'd3cceade-4d73-4f55-96ac-aeacf2a22358', '3', 'admin', '2020-12-28 06:50:00.953', 'admin', '2020-12-28 06:50:00.953', 'RST-000290'),
('91bb03fa-0f56-45f3-951b-e8c9e10c29da', '64314cae-ef15-4b50-9018-b72046e13070', '9137a77c-ff96-44cd-89f1-7e5c89346068', '2', 'admin', '2020-12-07 01:25:26.826', 'admin', '2020-12-07 01:25:26.826', 'RST-000024'),
('92743908-0000-464d-a7c7-8274e1f0c15d', '04c01e11-60cc-4662-9211-3f654538900a', 'ca833e16-5170-4bf3-ab93-41fa766d2e9e', '3', 'admin', '2020-12-29 10:14:13.211', 'admin', '2020-12-29 10:14:13.211', 'RST-000310'),
('94f3596a-6ba8-4c1e-a42b-35407b8183e9', 'd6fb8d6b-9a79-4393-9ab2-f151cac7d26e', '7447bf5e-9693-4f2c-b762-88f7eac4442b', '2', 'admin', '2020-12-08 07:48:39.306', 'admin', '2020-12-08 07:48:39.306', 'RST-000106'),
('9abdb9e3-4a97-4d01-94a1-b622e7fa0d8a', '10b05e9a-9aa1-4aba-938c-ad79810e7a0b', 'bde40a7a-2c70-4744-b55f-7a14057715d9', '3', 'admin', '2020-12-29 10:15:23.513', 'admin', '2020-12-29 10:15:23.513', 'RST-000315'),
('a4f1664e-9c1d-41d1-ba85-f8153c5acc81', 'f927ffdb-a529-4f4c-a9cd-32668717380d', '35fd61bd-99c4-4942-b784-c875687bc574', '2', 'admin', '2020-12-08 04:20:32.75', 'admin', '2020-12-08 04:20:32.75', 'RST-000100'),
('aa6bb257-087b-4a64-a89d-f1157e8344fa', 'e19f0df9-a4d9-46fd-be1b-b4aa37b9fdd2', '84d34773-1313-46b4-a546-6dd775eefad3', '3', 'admin', '2020-12-29 10:15:33.45', 'admin', '2020-12-29 10:15:33.45', 'RST-000316'),
('b01eece6-c082-4ea6-b94f-23cb9eabeed0', 'be8c59f2-72ac-4ae0-984c-6aa62388454a', '004f637e-c17b-4aa9-a273-7a7c9b7f7922', '2', 'admin', '2020-12-07 05:39:39.055', 'admin', '2020-12-07 05:39:39.055', 'RST-000058'),
('b2ddec48-b605-409d-888c-1f5b7555f4a3', '35376269-3e36-4bd1-bcef-053a72fb37ee', '41cdf72b-cb37-4828-96f4-9537f95dbb7a', '3', 'admin', '2020-12-29 10:15:11.664', 'admin', '2020-12-29 10:15:11.664', 'RST-000314'),
('b67588dc-041b-4b24-b794-4a9677cb85e1', 'cc6ec6c7-9e69-45d4-a8b9-0047c8ecc66d', 'a083c635-7e01-465d-b110-d3f1ec0f1d7c', '2', 'admin', '2020-12-07 10:02:17.867', 'admin', '2020-12-07 10:02:17.867', 'RST-000080'),
('d0ab782a-83d0-4765-b8cb-847cbcca58b4', 'c0aa3040-ec28-4424-ae97-11f4bd103ee8', '90d2813a-9a71-48b2-8345-8060848e333f', '3', 'admin', '2020-12-28 06:40:01.398', 'admin', '2020-12-28 06:40:01.398', 'RST-000287'),
('d5ab8bd6-bd5c-43a8-80fc-53b64fe71319', '607ab5ad-b1bc-4b5b-9d5a-5b1001c01615', '051bf85f-2dcf-49bd-a4a7-de6d36d32444', '3', 'admin', '2020-12-26 21:41:52.702', 'admin', '2020-12-26 21:41:52.702', 'RST-000280'),
('d9f040fc-be2c-4288-809c-d52e8e377aa4', 'f3d9acc4-a2df-4d6a-9453-155d7383ba7f', 'a71b1219-8762-4abc-8c7d-e99615e98923', '2', 'admin', '2020-12-07 02:27:31.818', 'admin', '2020-12-07 02:27:31.818', 'RST-000037'),
('dbe165ad-66d1-454e-b187-e50a912955f5', '5dddc503-e7c9-437c-9873-9ec5c5d9668f', '490e9d51-57f2-4c25-b279-8ed4aa815858', '3', 'admin', '2020-12-28 06:47:38.842', 'admin', '2020-12-28 06:47:38.842', 'RST-000289'),
('de048716-c8b2-4f49-945c-9a721e91491c', 'a88f9ce2-3c7b-4d85-b921-94c3a08f4a96', 'fca98743-4169-497f-a8a5-1f1f9ac90a74', '3', 'admin', '2020-12-28 06:53:13.645', 'admin', '2020-12-28 06:53:13.645', 'RST-000292'),
('e22d9d89-c2af-41d6-bd93-aa18676e7b62', 'bdca6eb0-2349-42b6-9629-6115370b33f4', '018ac6c0-d858-4028-aabc-24c095d553a4', '3', 'admin', '2020-12-26 11:41:31.226', 'admin', '2020-12-26 11:41:31.226', 'RST-000273'),
('e60ee96d-20ef-43f8-9280-63977ead4a3a', 'e3032efc-4339-4eb8-866e-46d035c8e73e', 'eea3fdeb-207e-4027-b5e3-0bd77d22ca1b', '2', 'admin', '2020-12-07 10:01:28.78', 'admin', '2020-12-07 10:01:28.78', 'RST-000079'),
('f58651c4-a6a1-48ad-95b0-33e72770d126', 'f18363e9-643f-4660-b7d5-b64c0b8fb6fb', '9ced0bb1-01f0-4b26-9404-6dfac2a18a64', '2', 'admin', '2020-12-07 05:47:19.626', 'admin', '2020-12-07 05:47:19.626', 'RST-000061'),
('f7323c35-bbd7-4757-8512-a8b0e8a3cb24', 'd7a643b3-2bcf-4b0d-afb6-acefcde43eb1', '9f6f0858-ffb8-4bd3-a45a-8c16d9f5992c', '3', 'admin', '2020-12-26 15:57:37.342', 'admin', '2020-12-26 15:57:37.342', 'RST-000279'),
('f7dc99b7-86ec-472b-988c-2b854accf02b', '77e2e29b-3917-4a40-96d8-28e75b314680', '423ebb5e-47c1-4f50-9b77-5c49e28cfc57', '3', 'admin', '2020-12-24 01:40:07.759', 'admin', '2020-12-24 01:40:07.759', 'RST-000237'),
('fa4b1530-533e-42c5-82e0-caea9c3e5a0c', 'e929f54e-7b52-4d97-9e7c-8c32fb405889', '4a7bd871-dba4-4eb8-a574-9aa4316a09bf', '3', 'admin', '2020-12-29 09:35:53.572', 'admin', '2020-12-29 09:35:53.572', 'RST-000308'),
('fa72bd7b-2ec4-41be-8d4c-d8820b391a37', 'e83d276d-5285-4ddf-be2f-2bf650380ac3', '13c01218-7287-419f-aef0-2dd777567335', '3', 'admin', '2020-12-21 23:56:34.57', 'admin', '2020-12-22 00:00:57.218', 'RST-000198'),
('fcae6346-4be5-4f01-b9ff-c990403c0300', '4453ddab-01db-4c83-b1ad-a79a524fa7bd', '551d79a8-759a-49b8-a80e-383cbea26a14', '3', 'admin', '2020-12-28 07:15:50.639', 'admin', '2020-12-28 07:15:50.639', 'RST-000296'),
('ff422e50-cbbd-48af-86c0-c783d3cdaee0', 'c88decaa-48c2-45eb-bb4e-48d7fe6e5370', 'bec87904-f170-42b0-b143-c0e178770a11', '3', 'admin', '2020-12-28 07:43:23.83', 'admin', '2020-12-28 07:43:23.83', 'RST-000300'),
('ff514192-fae1-4786-8a03-f3e82bd6693c', 'ba849cb8-5f7b-4b2f-8dfe-d384e6aa7dc5', '298f7328-c08e-4ecb-a9e0-7a9e63c8d81a', '3', 'admin', '2020-12-26 15:53:40.42', 'admin', '2020-12-26 15:53:40.42', 'RST-000277');


INSERT INTO "accounting"."source_subaccount" ("id", "line_type", "subaccount", "value_type", "created_by", "created_date", "last_modified_by", "last_modified_date", "code") VALUES
('044fa582-0d36-4d86-876e-7c5298be1275', 'e882b7ca-3a9d-43f3-a0fa-5ea414d023d8', '050650b3-98b2-4e24-83a2-0f7ac75dbb6e', '2', 'admin', '2020-12-07 06:39:18.161', 'admin', '2020-12-07 06:39:18.161', 'RST-000068'),
('07868f4d-a35d-4974-94ad-d25e25fd368b', 'ba557fc4-b937-48fb-b839-0631dee5652b', '5e6783f1-ff44-44f0-9d56-65ca615b55ae', '2', 'admin', '2020-12-07 09:52:58.181', 'admin', '2020-12-07 09:52:58.181', 'RST-000072'),
('080550b3-4287-44f5-8bba-5f03f40133e8', '924f977f-7d5f-4c27-9cc5-e65f2f76b186', '49b2ce81-9daf-4963-b522-652f49cffcb5', '2', 'admin', '2020-12-07 01:28:40.644', 'admin', '2020-12-07 01:28:40.644', 'RST-000025'),
('083cd125-c8b9-4ef0-83bb-57a18de8a05c', '4bd318e2-9cee-40bb-8f77-a424f2b0e7f7', 'a9c38a29-2191-4ad7-8d07-422c20490e34', '3', 'admin', '2020-12-28 06:43:04.924', 'admin', '2020-12-28 06:43:04.924', 'RST-000288'),
('0860e089-a498-4087-af16-89aac5505824', '6fd68d66-0a4e-4ad4-9f22-980eebae9fcd', '76523ad0-1334-4cd7-9d88-628df805996f', '2', 'admin', '2020-12-07 03:10:39.675', 'admin', '2020-12-07 03:10:39.675', 'RST-000046'),
('095c9787-c8aa-47af-9317-699351491cc4', 'da3d0cec-1a17-4e4a-b2c5-ed313cbe1453', 'd5611022-5a7c-411e-959f-a3c83a047e07', '3', 'admin', '2020-12-14 00:59:40.857', 'admin', '2020-12-21 04:50:30.907', 'RST-000145'),
('0ca55bf5-2c6c-4409-b66f-81413fdba884', 'b0949165-70e2-4390-8e8e-fc6b385f45a9', 'a7ad1076-0eac-4227-873a-b12a38e8530a', '2', 'admin', '2020-12-10 04:31:06.644', 'admin', '2020-12-10 04:31:06.644', 'RST-000114'),
('0ccce6d9-a9e6-4630-ad21-531b01b97517', 'a667d1b2-cbd1-4f78-a26b-d7b14586f256', 'ad314557-b26e-44f0-bca4-b544a9dd69f9', '2', 'admin', '2020-12-07 15:31:09.404', 'admin', '2020-12-07 15:31:09.404', 'RST-000090'),
('0ea87ce8-b63a-4a08-863c-789582faa292', '1e648266-0329-4be8-b2df-81556e173aac', 'df06d404-99e9-4240-af5f-6d1d4344035d', '3', 'admin', '2020-12-14 02:10:57.796', 'admin', '2020-12-21 04:54:09.91', 'RST-000156'),
('10e3fff7-1715-46dc-84a7-312330bfa712', 'd6ffd5b1-f40a-41c9-9749-b95ee9707776', '2f40a016-17b2-43e2-b52a-9933cd57c8a7', '2', 'admin', '2020-12-07 02:09:49.419', 'admin', '2020-12-07 02:09:49.419', 'RST-000034'),
('10e613bb-3b4e-447d-9888-526c8e2ea907', 'f743b12d-0d8f-4b26-8cf2-ad304c2681fd', 'a35d88a7-6109-473b-84ad-b0d9125b9cd7', '2', 'admin', '2020-12-07 10:05:32.414', 'admin', '2020-12-07 10:05:32.414', 'RST-000083'),
('11491437-d9a6-4cee-93c9-f5c6ba103241', '61957b58-c45b-4507-9e58-1e551d682577', '789395da-c78f-4933-99a5-05c1f193ccec', '2', 'admin', '2020-12-07 05:37:38.747', 'admin', '2020-12-07 05:37:38.747', 'RST-000056'),
('13df60ac-aba9-4441-a6ef-daac0640fb87', '9ba19897-3413-4af7-aa40-62832d33367c', 'e82cf7f4-b67b-49c2-aa3b-1e16fa9550b2', '3', 'admin', '2020-12-30 02:10:47.739', 'admin', '2020-12-30 02:10:47.739', 'RST-000337'),
('14623e5a-b29b-4d38-b594-2dfbb8e0b71f', '61f89b9d-3c19-4e0c-b9ea-7f7015722add', '0ebf62c5-6da6-4c71-ad64-671f757c23e6', '2', 'admin', '2020-12-10 05:58:22.786', 'admin', '2020-12-10 05:58:22.786', 'RST-000119'),
('18466542-20cd-489a-97aa-a287fa9d9620', 'f5844a14-e0bc-4d32-8494-8f360a74f875', 'd1d686a9-f4bf-4b31-9576-8938bb0511c6', '2', 'admin', '2020-12-07 06:31:14.304', 'admin', '2020-12-07 06:31:14.304', 'RST-000065'),
('1990410f-b8cd-4b3b-bf48-5c8d27676572', 'e04fcb67-9aef-4576-a760-077861a9b01b', '50d88c9b-21cd-4188-bbba-36b1ee1b7a66', '3', 'admin', '2020-12-31 11:16:49.634', 'admin', '2020-12-31 11:16:49.634', 'RST-000357'),
('1a33b23b-7da6-43c0-ae40-0178a6751a18', '3a84a514-f127-4175-85fe-5d8a351825a1', '532961b3-4eed-49de-8920-8c64641e2b8d', '2', 'admin', '2020-12-07 10:25:30.485', 'admin', '2020-12-07 10:25:30.485', 'RST-000087'),
('1b609f26-c288-424f-92d8-f66518fed8b2', '9ba19897-3413-4af7-aa40-62832d33367c', '5ad0dbe4-61db-45b5-8459-194b4167c558', '3', 'admin', '2020-12-30 02:12:18.131', 'admin', '2020-12-30 02:12:18.131', 'RST-000343'),
('1d0d9bc6-3622-4a46-af27-5ad00945f067', '0cec035c-c16c-4c28-a714-67881a0a7b0e', 'b518db22-6365-47f6-88ed-de920a75f535', '2', 'admin', '2020-12-07 09:53:06.367', 'admin', '2020-12-07 09:53:06.367', 'RST-000073'),
('1f5cfda7-9e68-4d07-9dab-841d1e82e24c', 'b884e45b-945b-4b43-b952-edc6cd2a7b52', 'f2aa1a65-c2de-4986-afd5-612c8209585e', '3', 'admin', '2020-12-23 07:27:38.078', 'admin', '2020-12-23 07:27:38.078', 'RST-000220'),
('212d2eea-d3f5-4fff-b934-151420371e25', '9ba19897-3413-4af7-aa40-62832d33367c', 'd26eb949-c416-44d3-adbf-86c535cc8ac4', '3', 'admin', '2020-12-30 02:10:19.83', 'admin', '2020-12-30 02:10:19.83', 'RST-000336'),
('24b55efc-a75b-4f77-9c8d-548e709505e5', '4da46b04-8c25-4be0-af22-b1cad3f295a1', '6fa673c4-86cc-48ec-95a7-1e2f793e0f61', '2', 'admin', '2020-12-06 03:49:46.145', 'admin', '2020-12-06 03:49:46.145', 'RST-000004'),
('2585e5db-b71f-4178-a1d9-5bed264d79f1', 'd6ffd5b1-f40a-41c9-9749-b95ee9707776', 'ece436e5-fcbe-45b5-b497-5830e9c78a22', '2', 'admin', '2020-12-07 02:10:11.229', 'admin', '2020-12-07 02:10:11.229', 'RST-000035'),
('25cc016f-4e1c-4a40-be4f-7ec37b1c13c5', '27ab172a-acac-4218-9765-0c47547a18d2', '4091d976-ccc6-4606-8a65-fb2d5f0e144f', '3', 'admin', '2020-12-22 00:10:59.771', 'admin', '2020-12-22 00:10:59.771', 'RST-000199'),
('26301ace-567e-460a-9d65-9729bf20c0bd', 'ed9b1985-4da3-4091-9fe6-bc1d838a20a3', '83aeb2d7-0802-453a-b310-84bd0219ac00', '3', 'admin', '2020-12-28 06:22:38.637', 'admin', '2020-12-28 06:22:38.637', 'RST-000284'),
('2721efe9-3c7c-408d-aca2-b0b0c375a915', '8d359e8f-4b7f-4b40-979c-d04b9b8ffa76', '14e1a9aa-7cb7-41e3-8c8e-75f93153d30e', '2', 'admin', '2020-12-07 05:14:16.182', 'admin', '2020-12-07 05:14:16.182', 'RST-000052'),
('294302c9-67c9-4905-b94a-bde09b4252c8', '015028ac-011c-4355-889f-4063f126b308', '2fed1c3e-d502-4975-97f8-a29ee13c1d96', '3', 'admin', '2020-12-23 07:26:30.971', 'admin', '2020-12-23 07:26:30.971', 'RST-000217'),
('2b5d21af-aff2-43b1-baa0-6b6e40879e06', '584567ba-0722-42c6-885c-f86f2f407d43', '9d3cbd3c-2f11-4d7c-959b-463a72798dd6', '2', 'admin', '2020-12-07 01:22:45.213', 'admin', '2020-12-07 01:22:45.213', 'RST-000023'),
('2ccb927f-eb24-4338-a24d-565c6a257ebf', 'b70a5ca5-8c89-42a3-98a8-085f65e94d2c', '6d334abb-9aff-4923-a0ab-75987a2e5a3d', '2', 'admin', '2020-12-09 09:25:16.718', 'admin', '2020-12-09 09:25:16.718', 'RST-000107'),
('2dbe3a78-dde0-4b08-a60c-e3a377acbb82', '0f2e887f-4bdf-488a-a1ad-80ea53fdcfa6', '125e9aac-35cc-4d84-923e-a54aea83aad3', '2', 'admin', '2020-12-07 09:53:12.815', 'admin', '2020-12-07 09:53:12.815', 'RST-000074'),
('2e12d077-9fc6-40b7-b647-ad63da179c00', 'b11b9160-be6f-4615-92e3-b2db60d266ee', '34e85a26-b262-4201-b509-ed41f51e5329', '2', 'admin', '2020-12-08 04:17:27.654', 'admin', '2020-12-08 04:17:27.654', 'RST-000098'),
('3528abf5-866e-4a7b-af97-b0969f2d5810', '5c0ff4cd-3256-49de-bb10-36d23d2b7f06', '8268386e-a585-4a15-bcca-5cd52cb644dd', '2', 'admin', '2020-12-07 06:28:27.279', 'admin', '2020-12-07 06:28:27.279', 'RST-000064'),
('38661ae1-3c11-4904-9447-337d9ec4f0ef', '9ba19897-3413-4af7-aa40-62832d33367c', '230ec858-8d4b-4a7b-82cf-2df899da4ce1', '3', 'admin', '2020-12-30 02:13:43.235', 'admin', '2020-12-30 02:13:43.235', 'RST-000349'),
('3a2968c9-1e98-489c-ab0c-3bb482c79459', '9ba19897-3413-4af7-aa40-62832d33367c', '42eff05a-b37c-4344-9651-347f2af21103', '3', 'admin', '2020-12-30 02:13:13.945', 'admin', '2020-12-30 02:13:13.945', 'RST-000347'),
('3dafc3bf-b018-4dd9-85ed-b5e3b927e47c', '6913d13e-251b-42b5-8152-ed47e0777bd0', 'd1d686a9-f4bf-4b31-9576-8938bb0511c6', '2', 'admin', '2020-12-08 07:39:22.55', 'admin', '2020-12-08 07:39:22.55', 'RST-000102'),
('3ddea5a6-18b7-4f13-99c6-0c5693e3c420', '9ba19897-3413-4af7-aa40-62832d33367c', '2de2f4bc-00db-4865-9369-089464e32ab3', '3', 'admin', '2020-12-30 02:11:26.921', 'admin', '2020-12-30 02:11:26.921', 'RST-000339'),
('3f5f0359-7e08-414a-a0c2-2fbe8e58bfe3', '9ba19897-3413-4af7-aa40-62832d33367c', 'a1daa4a2-0b01-4ef5-a129-adb5733c6f04', '3', 'admin', '2020-12-30 02:14:14.967', 'admin', '2020-12-30 02:14:14.967', 'RST-000352'),
('405e9738-7ab5-460f-9853-a14f80331652', '61f89b9d-3c19-4e0c-b9ea-7f7015722add', '18a2606b-2821-4421-a185-b93dc63a87a7', '2', 'admin', '2020-12-10 05:58:31.137', 'admin', '2020-12-10 05:58:31.137', 'RST-000120'),
('43ef084d-869a-4957-a457-5ad350a59daa', 'b0949165-70e2-4390-8e8e-fc6b385f45a9', 'ac32e4fa-0dfe-411d-9e41-7e82ed069840', '2', 'admin', '2020-12-10 04:32:17.449', 'admin', '2020-12-10 04:32:17.449', 'RST-000117'),
('4423a809-e963-414d-9b7e-914da6fc9732', '0dcbfff3-31d9-4ca5-b0c8-a6935d5cdc11', '8268386e-a585-4a15-bcca-5cd52cb644dd', '2', 'admin', '2020-12-08 04:28:05.463', 'admin', '2020-12-08 04:28:05.463', 'RST-000101'),
('444d6742-70b7-48c9-9524-13ee4a3b4ad5', '68f861e6-ea4d-4980-88d4-7c7794e06f4d', 'ef81a79b-e28d-42ca-8dc9-23bc274902de', '3', 'admin', '2020-12-21 18:24:39.823', 'admin', '2020-12-21 18:24:39.823', 'RST-000179'),
('46052ac0-3b99-4059-a880-6fce6d97d63b', 'e180a06a-6c60-4a0c-a56f-4ee398dc65f9', 'c0357732-1c08-44e6-8f7d-b56edc11495c', '2', 'admin', '2020-12-06 04:11:57.076', 'admin', '2020-12-06 04:11:57.076', 'RST-000016'),
('47bf52bd-5fce-474f-bc5d-2784eddf873b', '9ba19897-3413-4af7-aa40-62832d33367c', '7a11a47e-7e3e-42a1-8f78-7b1c1a375d32', '3', 'admin', '2020-12-30 02:12:00.424', 'admin', '2020-12-30 02:12:00.424', 'RST-000342'),
('48920b1f-b3cd-4374-82cb-5634d8b5d6bb', '5b8e07b6-c79a-4a94-9ca3-344534552010', 'a8d79867-9367-4023-90c9-245f1389cb9a', '2', 'admin', '2020-12-07 05:14:54.848', 'admin', '2020-12-07 05:14:54.848', 'RST-000053'),
('48c7b3dd-b11e-4545-a2f8-4c4605d0cd84', 'ad4c39aa-c1ce-4a90-957f-9a9e75718072', 'b95230b8-21c2-491b-ba3a-f93a836d899b', '3', 'admin', '2020-12-28 09:04:19.42', 'admin', '2020-12-28 09:04:19.42', 'RST-000303'),
('4e5bbcf5-f4f0-4f5f-b301-50fbee4edb87', '927198d3-ab79-445e-800d-074135815a62', '1cf23bd5-5a8c-465d-8724-0619005b166c', '2', 'admin', '2020-12-07 03:14:07.283', 'admin', '2020-12-07 03:14:07.283', 'RST-000047'),
('4e8539a3-9791-41d0-a931-2cf9796be671', 'eaf6e19e-99c4-467d-ac30-74c33cb9430f', 'fafa4f09-12e3-4a3b-845c-3a4d275eb71a', '3', 'admin', '2020-12-23 06:53:38.472', 'admin', '2020-12-23 06:53:38.472', 'RST-000212'),
('4f24911b-70f6-4ca2-8dea-02c9150cca37', '445a003d-3ed7-4b81-985b-1a117b34c3ce', 'ed95eac7-dbb9-4337-a1a3-a734188fcc97', '2', 'admin', '2020-12-07 09:44:46.949', 'admin', '2020-12-07 09:44:46.949', 'RST-000069'),
('533df166-a6c8-4c45-a2db-d832be587811', '746ccbc6-b251-48b0-b2d9-b6c0728a9b2f', '506d216b-3f41-4a94-8fd9-6bb005d96382', '3', 'admin', '2020-12-26 13:32:12.715', 'admin', '2020-12-26 13:32:12.715', 'RST-000275'),
('55b93f97-6135-4575-9ad7-d42b72906898', '4da46b04-8c25-4be0-af22-b1cad3f295a1', 'f78f76c8-4d70-4755-9d66-1579eb1d00b5', '2', 'admin', '2020-12-06 03:50:57.927', 'admin', '2020-12-06 03:50:57.927', 'RST-000006'),
('572d7b72-956b-48a2-bc8e-b92f8e0049bb', 'bd1c5789-fadd-4e11-8495-0df01e547839', 'af6635e7-14df-46c6-a52b-c32a0c247ca8', '2', 'admin', '2020-12-07 10:12:50.44', 'admin', '2020-12-07 10:12:50.44', 'RST-000085'),
('574cde29-763a-4e5f-a3f8-a0cc73499db1', '0d43159c-4225-4ae7-a029-d61c48d2c4fd', 'ebe616ae-d233-439d-8304-3513bf2c0a3a', '3', 'admin', '2020-12-13 05:52:25.235', 'admin', '2020-12-20 14:23:35.639', 'RST-000141'),
('586d59ed-c0e4-4f57-997e-5494abdee5c2', '006347e1-440c-42b7-bfdf-cbf586273299', '4daffa7c-8651-4a06-b05d-ce150c824e33', '3', 'admin', '2020-12-23 07:26:48.536', 'admin', '2020-12-23 07:26:48.536', 'RST-000218'),
('588bfc56-31e4-47ef-a60a-22f7c7155ac4', '053586c2-2aab-4570-b547-98ef669abf43', '1cea38a7-c814-4a68-ac5f-f3c90f002102', '2', 'admin', '2020-12-08 07:39:30.737', 'admin', '2020-12-08 07:39:30.737', 'RST-000103'),
('5a510f82-6f48-4c25-8836-737661a8caba', '962a7617-4f73-4c3d-a31b-6417cd5896bb', '57130fec-366f-4466-8e60-458b4516a88b', '2', 'admin', '2020-12-07 10:25:40.216', 'admin', '2020-12-07 10:25:40.216', 'RST-000088'),
('5c36ecca-8c5c-4475-9802-1ef1d967a140', 'ab893db1-04bb-4322-af47-b8cfbb22db16', '6a45080f-df64-4ac7-afa0-1866daf78739', '2', 'admin', '2020-12-07 04:42:28.419', 'admin', '2020-12-07 04:42:28.419', 'RST-000048'),
('63083a36-f0f1-4a05-bf9a-511a3228f46a', '4da46b04-8c25-4be0-af22-b1cad3f295a1', 'e7639e17-0793-44f3-bd97-3f3e42b22174', '2', 'admin', '2020-12-06 03:51:13.605', 'admin', '2020-12-06 03:51:13.605', 'RST-000007'),
('6797c893-b1a5-40df-b1f9-c5ab4f71061e', '9ba19897-3413-4af7-aa40-62832d33367c', 'dab17b28-fc8c-4bed-9516-b120d5e41466', '3', 'admin', '2020-12-30 02:11:49.063', 'admin', '2020-12-30 02:11:49.063', 'RST-000341'),
('6c07df8e-97ee-4d25-8b0b-b760dddc6cf4', '12344280-65bd-4eaf-b6e2-a7919c39f9ac', '7f04e034-7a8a-48b3-bdc9-279a8beead8c', '3', 'admin', '2020-12-23 07:29:05.557', 'admin', '2020-12-23 07:29:05.557', 'RST-000224'),
('6c33d896-69eb-4f59-85c9-f90e1acc8740', '61f89b9d-3c19-4e0c-b9ea-7f7015722add', 'ac32e4fa-0dfe-411d-9e41-7e82ed069840', '2', 'admin', '2020-12-10 05:58:39.196', 'admin', '2020-12-10 05:58:39.196', 'RST-000121'),
('6d6895e6-a486-4ee6-a8a1-92f992a4cb0b', '73bb53bc-9a37-4440-b2d3-849f6f5c2d0d', '0e47eeeb-1db5-4b45-9ae6-0bb794155b54', '2', 'admin', '2020-12-07 05:12:38.104', 'admin', '2020-12-07 05:12:38.104', 'RST-000051'),
('6e23072a-6ba2-4419-b473-6f71797182d1', '50b20865-af56-422f-9a22-43e19f7c5de9', '831277cc-9036-4146-b310-4f5d882bcd0f', '2', 'admin', '2020-12-07 02:29:11.5', 'admin', '2020-12-07 02:29:11.5', 'RST-000038'),
('6f8db4b2-6154-4971-9887-9a6a710a8ec6', 'ebbc4154-618e-4aef-9847-f867d6bf5bda', '34a304c8-038f-44cc-9845-45545797e3d8', '2', 'admin', '2020-12-07 15:53:25.696', 'admin', '2020-12-07 15:53:25.696', 'RST-000091'),
('71124194-8508-467e-9610-5adaaf3d5919', '187b3c39-3cff-4c07-990e-30a9dd57631e', '94771e75-77dc-4fe4-b6c8-28fd6da464ce', '3', 'admin', '2020-12-21 17:54:37.444', 'admin', '2020-12-21 17:54:37.444', 'RST-000171'),
('72a2e65f-a0f4-4f8e-8a3b-2a3e98160664', '9ba19897-3413-4af7-aa40-62832d33367c', '76523ad0-1334-4cd7-9d88-628df805996f', '3', 'admin', '2020-12-30 02:13:53.69', 'admin', '2020-12-30 02:13:53.69', 'RST-000350'),
('72b00e31-b74e-423e-b693-5ab86c6d6099', '9ba19897-3413-4af7-aa40-62832d33367c', '34e85a26-b262-4201-b509-ed41f51e5329', '3', 'admin', '2020-12-30 02:13:30.12', 'admin', '2020-12-30 02:13:30.12', 'RST-000348'),
('73b0d08c-3d9c-4a5f-8d59-f3ae7c54e988', 'e452f6fe-8632-4408-a985-8601bd1e4eda', 'ebf1e5be-7bfe-4fe2-ab82-b11b010d193b', '3', 'admin', '2020-12-31 12:56:06.936', 'admin', '2020-12-31 12:56:06.936', 'RST-000361'),
('74854acb-fe71-4ffd-a428-28593a15f446', '61f89b9d-3c19-4e0c-b9ea-7f7015722add', 'a7ad1076-0eac-4227-873a-b12a38e8530a', '2', 'admin', '2020-12-10 05:58:14.166', 'admin', '2020-12-10 05:58:14.166', 'RST-000118'),
('775b5452-a4cd-4673-b8a5-3c60300271ba', '4da46b04-8c25-4be0-af22-b1cad3f295a1', '9894f3ce-c956-4456-8bfb-d8e92db2a31d', '2', 'admin', '2020-12-06 03:48:21.728', 'admin', '2020-12-06 03:48:21.728', 'RST-000001'),
('77d0e774-8012-48d4-8e3a-362d6e348161', '934cd2d0-f459-4405-97e2-f4bc73ea8ad6', '257ac906-c86c-4446-b23b-51b490454a2e', '3', 'admin', '2020-12-23 05:23:46.738', 'admin', '2020-12-23 05:23:46.738', 'RST-000206'),
('7c84ea14-ee40-4099-8b2a-fce8fc1656ef', '4c406e62-c806-4e54-bd8b-c6568e2c7deb', '5514ab0f-92fc-494e-902f-05dc5ee03f48', '3', 'admin', '2020-12-28 07:24:43.532', 'admin', '2020-12-28 07:24:43.532', 'RST-000298'),
('7c8c4933-cf58-4034-b894-dfbb95d7ec95', '1e07e4e2-3b10-4e12-a80f-5497d67da30a', '13938ae1-bcd5-4717-96f8-971137eca76a', '2', 'admin', '2020-12-07 05:23:58.53', 'admin', '2020-12-07 05:23:58.53', 'RST-000055'),
('7cbe09f0-96c5-43e1-b249-05f4cb5c2765', '4da46b04-8c25-4be0-af22-b1cad3f295a1', 'ca08d089-c633-4a13-8967-2e40d72a9b80', '2', 'admin', '2020-12-06 03:48:57.153', 'admin', '2020-12-06 03:48:57.153', 'RST-000003'),
('7fe84d25-600c-4eeb-afed-f0558d7b2811', '61525631-3bb7-4b9b-8239-f1b53dde6771', 'ebe616ae-d233-439d-8304-3513bf2c0a3a', '3', 'admin', '2020-12-21 18:30:44.794', 'admin', '2020-12-21 18:30:44.794', 'RST-000182'),
('80102428-d906-4bd8-8cdf-b19f4a81caa3', '584567ba-0722-42c6-885c-f86f2f407d43', 'ea9fa63f-81b9-451d-a759-a2b9d363a987', '2', 'admin', '2020-12-07 01:22:23.868', 'admin', '2020-12-07 01:22:23.868', 'RST-000022'),
('80f012d5-41e3-4636-a8a7-7dfd30f46da4', '9ba19897-3413-4af7-aa40-62832d33367c', '470d7db3-ed81-4b00-b3ca-b08e9775cced', '3', 'admin', '2020-12-30 02:12:45.359', 'admin', '2020-12-30 02:12:45.359', 'RST-000345'),
('85d8b660-4258-41f2-8159-b56450bcada2', '15ff4e3b-be2d-4c69-9888-d13e9b1a6709', 'fd63159e-3bbb-4e4c-b38d-bf31263b248e', '2', 'admin', '2020-12-07 01:31:47.068', 'admin', '2020-12-07 01:31:47.068', 'RST-000027'),
('8684f2c6-d9c1-4c98-bc6c-8c61e7deeb37', '44065b7a-89ca-42f9-abd3-d4486b282dc9', 'ffd19f40-b6c6-4a0b-b630-0cbf49ba70fd', '3', 'admin', '2020-12-24 02:02:20.329', 'admin', '2020-12-24 02:02:20.329', 'RST-000238'),
('870edc37-e7ff-4591-a5a5-c9a59ad0e620', '3027f11a-2dfe-4e56-8e94-af05ef38118a', 'd5514ff3-7626-431c-b1c3-f8e1893b1cb5', '3', 'admin', '2020-12-23 07:27:17.289', 'admin', '2020-12-23 07:27:17.289', 'RST-000219'),
('88609fb3-6172-4f37-8f0c-9e58de69876e', '415fe5fb-9a64-40f7-b683-70ceab9125ab', '0f3b746d-dc0d-4c61-b0d1-40850971cc64', '3', 'admin', '2020-12-22 01:45:49.934', 'admin', '2020-12-22 01:45:49.934', 'RST-000205'),
('8a179e93-af1e-4098-9439-fd018dd3879d', '7ba44b87-5167-4c22-87ce-0c8399b01b72', 'e45b8e79-c039-4ce0-ab63-2f1adce29f57', '3', 'admin', '2020-12-28 09:23:30.252', 'admin', '2020-12-28 09:23:30.252', 'RST-000305'),
('8ba0b251-a27f-4768-8bad-8cb36d65198e', 'e5c357ef-da9b-4830-91cd-f89146b921d5', '983c2619-3c37-4c74-8cd2-bc2f70b9390b', '2', 'admin', '2020-12-07 01:13:19.774', 'admin', '2020-12-07 01:13:19.774', 'RST-000020'),
('8c471fb5-7e2b-41bf-99fd-9b735ca481ba', 'ab893db1-04bb-4322-af47-b8cfbb22db16', 'ec255cde-a09d-40a2-93fc-30512876063a', '2', 'admin', '2020-12-07 04:42:40.395', 'admin', '2020-12-07 04:42:40.395', 'RST-000049'),
('8d0909b7-7d6b-43aa-8b28-e79d7609307b', '7ac0c75f-59b6-4717-9f62-a533d322a6fa', '1ddade9b-b0db-4c90-818e-62446e5bd784', '2', 'admin', '2020-12-07 09:52:48.621', 'admin', '2020-12-07 09:52:48.621', 'RST-000071'),
('8d47e686-5bb8-4c03-938b-3eb007075cc9', 'be622f75-205a-430f-b393-3d074c5d12bc', '48d7e4eb-7a7b-4afc-bb26-e4b1a14a79ea', '3', 'admin', '2020-12-28 06:37:56.132', 'admin', '2020-12-28 06:37:56.132', 'RST-000286'),
('8d59a3df-168b-4916-9123-65ac00ec711f', '4da46b04-8c25-4be0-af22-b1cad3f295a1', 'db26e933-cd09-4f40-b054-f40d73caf4db', '2', 'admin', '2020-12-06 03:50:14.417', 'admin', '2020-12-06 03:50:14.417', 'RST-000005'),
('8fa7c24e-a1b3-4ea5-b20d-3838d2d4c525', 'e8983415-10c6-4133-a407-e93dd692bf91', '5baa76dd-d631-413a-9d85-84ac070ef122', '3', 'admin', '2020-12-24 02:08:39.182', 'admin', '2020-12-24 02:08:39.182', 'RST-000239'),
('9658d44f-9196-4a1c-9741-732c2268caf8', 'd17c059b-8f63-4748-a5a1-2801feb8cb4a', '470d7db3-ed81-4b00-b3ca-b08e9775cced', '2', 'admin', '2020-12-07 03:02:24.686', 'admin', '2020-12-07 03:02:24.686', 'RST-000044'),
('96a72dbc-ef76-4397-873d-47e8275e8f67', '4da46b04-8c25-4be0-af22-b1cad3f295a1', 'ba31ae6d-5a8f-4f08-9446-75d3e8e991e3', '2', 'admin', '2020-12-06 03:48:41.145', 'admin', '2020-12-06 03:48:41.145', 'RST-000002'),
('96b64589-a5e2-482c-a796-2caffca602dc', 'b2f7d137-0358-4523-b202-eac34c2feea1', 'bffd0407-d9bf-4a06-aefa-cdf17b2e014f', '2', 'admin', '2020-12-07 02:01:42.933', 'admin', '2020-12-07 02:01:42.933', 'RST-000030'),
('9ba91375-f7e2-4171-ac5d-46c0e9f041d5', '9ba19897-3413-4af7-aa40-62832d33367c', '8887fa94-05b6-4d02-acf3-d151550fd942', '3', 'admin', '2020-12-30 02:09:59.638', 'admin', '2020-12-30 02:09:59.638', 'RST-000335'),
('9cea52ad-617a-46cf-90ba-7d65ec88fc90', 'e4b738c6-682d-4302-99f9-6e5fae318e85', '3248e907-0ae7-4972-a5a1-d2bcc30d3e4f', '3', 'admin', '2020-12-23 07:28:06.372', 'admin', '2020-12-23 07:28:06.372', 'RST-000221'),
('9e9f136b-064e-48d1-b6c8-fae751924cc3', '9ba19897-3413-4af7-aa40-62832d33367c', 'a336ade5-0631-4fd7-9ca2-f7c02849817f', '3', 'admin', '2020-12-30 02:09:18.77', 'admin', '2020-12-30 02:09:18.77', 'RST-000333'),
('a33f94f1-9968-4ce5-980f-aa3d86513821', '211c937f-66ba-4e61-a3c8-d8055558fa18', 'fa23e1df-7c47-4e60-8198-01fd59434f01', '2', 'admin', '2020-12-07 15:53:47.194', 'admin', '2020-12-07 15:53:47.194', 'RST-000092'),
('a44bfe79-abdb-4a9a-afd6-ee6e83a7eb8d', '3047d7d0-de3b-484d-b054-8aacd405d814', '958ee192-dedc-4e48-9b37-7823d28a58f0', '3', 'admin', '2020-12-22 01:36:46.839', 'admin', '2020-12-22 01:36:46.839', 'RST-000204'),
('a589af7c-9889-4471-88fe-a4bd54a207a3', 'f7d50b20-ef9a-4bf1-8f2d-2bef96a9993b', 'dfdf9045-15d9-4d39-80c3-5fa7624c6261', '3', 'admin', '2020-12-28 06:28:04.803', 'admin', '2020-12-28 06:28:04.803', 'RST-000285'),
('a67b11ff-3c79-4592-8a7c-803ceb91f87d', '40cdcee8-814c-4e3f-9e93-be89abd8e325', 'a336ade5-0631-4fd7-9ca2-f7c02849817f', '2', 'admin', '2020-12-07 02:41:22.286', 'admin', '2020-12-07 02:41:22.286', 'RST-000040'),
('a762ce8b-acd8-46f5-a486-f03ca3c4fe5e', '15ff4e3b-be2d-4c69-9888-d13e9b1a6709', 'd6e1831b-355e-4d85-834d-58538cb5c1f4', '2', 'admin', '2020-12-07 01:31:55.209', 'admin', '2020-12-07 01:31:55.209', 'RST-000028'),
('a7719795-3c46-4a77-8e31-9dad5db21a2c', 'f5a7c06d-7f1e-46e0-bfd3-d8b02a6db371', 'a7680823-d4b8-40fe-ad2e-cefc63880106', '3', 'admin', '2020-12-23 06:45:24.605', 'admin', '2020-12-23 06:45:24.605', 'RST-000211'),
('a852c840-1f61-47e9-8c70-38c95b5b90cf', '2374cf6b-ae19-472a-88dd-59f31a25a349', 'fe28acdc-ebb5-4ba8-a28e-e6ebb5ab7708', '2', 'admin', '2020-12-07 10:04:04.721', 'admin', '2020-12-07 10:04:04.721', 'RST-000081'),
('a8744038-96ac-4b13-836d-08578f3f28bc', 'b4440894-78b3-4403-b346-992a7e55cdf0', '2de2f4bc-00db-4865-9369-089464e32ab3', '2', 'admin', '2020-12-07 02:45:12.752', 'admin', '2020-12-07 02:45:12.752', 'RST-000041'),
('a983f4ed-627c-42ec-828c-e26928eb30c1', '27ee1a36-196f-4f57-bd19-7ca8cff3a068', '42eff05a-b37c-4344-9651-347f2af21103', '2', 'admin', '2020-12-08 04:19:48.48', 'admin', '2020-12-08 04:19:48.48', 'RST-000099'),
('ae6ac540-c86f-4358-a68c-1d2971c82e46', '75d471e1-7d90-44ac-bd07-30d042df13f7', '4674a57e-649f-4931-a629-9af17a0a1de4', '3', 'admin', '2020-12-21 16:57:35.406', 'admin', '2020-12-21 16:57:35.406', 'RST-000170'),
('b052a54c-abf6-4068-9bdb-140b08ae5f6a', 'c4847905-1794-4f0f-bfc3-b7082dc42529', '72ad18a1-eb25-4a92-8168-2ed307c25225', '3', 'admin', '2020-12-23 07:28:28.145', 'admin', '2020-12-23 07:28:28.145', 'RST-000222'),
('b3b782bf-7f58-4e43-96a6-ebee790c1060', '1251e451-4e0f-43d9-8e1f-17249c12514b', '502e4575-f49c-4583-a4a1-a0c90a92e09a', '2', 'admin', '2020-12-07 05:11:36.201', 'admin', '2020-12-07 05:11:36.201', 'RST-000050'),
('b5e5d64e-d53e-4db8-a047-d0ed864a3603', '8263d261-ddd7-45f8-ba7e-786e0b0ac71d', 'df06d404-99e9-4240-af5f-6d1d4344035d', '3', 'admin', '2020-12-14 02:09:08.095', 'admin', '2020-12-21 04:53:59.628', 'RST-000155'),
('b7020365-f439-4476-a861-81904459c777', 'b0949165-70e2-4390-8e8e-fc6b385f45a9', '18a2606b-2821-4421-a185-b93dc63a87a7', '2', 'admin', '2020-12-10 04:31:39.618', 'admin', '2020-12-10 04:31:39.618', 'RST-000116'),
('b742fcb7-f602-442b-86c0-0839be97b51d', 'd6ffd5b1-f40a-41c9-9749-b95ee9707776', '5cc06b3d-6846-43bb-b7ff-2556444a869a', '2', 'admin', '2020-12-07 02:10:18.62', 'admin', '2020-12-07 02:10:18.62', 'RST-000036'),
('b75076bc-b008-489b-b0a9-73e91c160aca', '59d6b802-01df-4134-96a1-bcb021bf9b37', '500a7139-9831-413e-82f2-50851da57e91', '2', 'admin', '2020-12-07 06:35:41.649', 'admin', '2020-12-07 06:35:41.649', 'RST-000067'),
('b79d0a51-8131-4341-9669-39cbadd82913', 'eebeab65-9cac-4274-95cc-1b49364fed5f', '629c57ba-f71f-497c-84ab-ec04f7308ada', '2', 'admin', '2020-12-07 15:29:51.015', 'admin', '2020-12-07 15:29:51.015', 'RST-000089'),
('b7af94c3-0572-480e-97a9-141753132b07', '62e49d94-9e65-4c3d-97f1-e5b88b88a8ae', 'ac5785b7-ddb6-4ad9-972b-d7d1044ae737', '2', 'admin', '2020-12-07 03:08:23.057', 'admin', '2020-12-07 03:08:23.057', 'RST-000045'),
('b903acae-b759-42f4-8133-3f176cbad32a', '686593a8-b2c4-45e2-9179-4f5b8be836ae', 'b6a22732-c050-43d5-a5a9-d27ff49395f0', '2', 'admin', '2020-12-07 09:54:32.501', 'admin', '2020-12-07 09:54:32.501', 'RST-000075'),
('bc83e497-a24a-4f12-876c-038aa53d9007', '9ba19897-3413-4af7-aa40-62832d33367c', 'fa50a4ff-43c9-4e0e-a0ad-6df564164159', '3', 'admin', '2020-12-30 02:11:12.732', 'admin', '2020-12-30 02:11:12.732', 'RST-000338'),
('bee8be24-5eb3-400b-890a-73bc27507482', '45c592ba-9dfd-4291-86af-74442a34fe89', '92dac718-657b-4412-86ee-83599beec4e3', '3', 'admin', '2020-12-23 06:00:53.834', 'admin', '2020-12-23 06:00:53.834', 'RST-000207'),
('c0e3e79b-bdae-4b1b-9205-d6af9b359569', '56c8ee0a-78a8-403b-9090-0d6393a64e8b', 'ef81a79b-e28d-42ca-8dc9-23bc274902de', '3', 'admin', '2020-12-14 06:48:05.293', 'admin', '2020-12-21 18:14:05.944', 'RST-000169'),
('c21649d0-d77c-4b9d-bf9b-f20e943c2fee', '95e84731-290e-4e95-891f-66a50a0378e7', '6d334abb-9aff-4923-a0ab-75987a2e5a3d', '2', 'admin', '2020-12-06 03:56:14.575', 'admin', '2020-12-06 03:56:14.575', 'RST-000009'),
('c3041bdf-cba4-4189-a59b-2e376b9601ab', 'e2efb7d6-bdee-460e-af37-5092234ff3ef', '683e5906-242d-491e-9f74-dd13292e5f79', '2', 'admin', '2020-12-07 10:11:19.035', 'admin', '2020-12-07 10:11:19.035', 'RST-000084'),
('c4967498-9a89-4e58-81b2-4d2fe07438d3', '549818e6-d5f0-47d5-91f2-46caebd5643f', '7c5cc96b-4054-4dd4-809e-a9191c5eec46', '2', 'admin', '2020-12-08 04:15:59.278', 'admin', '2020-12-08 04:15:59.278', 'RST-000096'),
('c610e254-15a7-454a-9975-1b6d875042e6', 'fa7c553e-0f11-4e7e-bbef-2447fff371ed', '1cea38a7-c814-4a68-ac5f-f3c90f002102', '2', 'admin', '2020-12-07 06:32:55.57', 'admin', '2020-12-07 06:32:55.57', 'RST-000066'),
('c7513cdf-52ba-4a58-9484-fb2bbd7f76ab', '6743c429-5500-4f75-9405-7d8d631f314d', 'f81672e4-782b-47fc-8538-decf8898396b', '2', 'admin', '2020-12-07 09:52:38.298', 'admin', '2020-12-07 09:52:38.298', 'RST-000070'),
('c7a931a3-c170-424f-942c-a068e0b13c4a', 'e180a06a-6c60-4a0c-a56f-4ee398dc65f9', '7c41ddb3-6409-4c82-aec4-ff929fe9fbf5', '2', 'admin', '2020-12-06 04:11:50.123', 'admin', '2020-12-06 04:11:50.123', 'RST-000015'),
('c9241d52-3898-42aa-8e26-62c3a791437c', 'ee31b87f-d5cc-4136-9450-21b9fb5c1872', '5ad0dbe4-61db-45b5-8459-194b4167c558', '2', 'admin', '2020-12-07 02:54:59.528', 'admin', '2020-12-07 02:54:59.528', 'RST-000043'),
('ca417b90-9229-4072-b178-e8f5f6b12578', '9c91d88c-bb07-4f7a-9f0a-441225f8ffb1', 'f67caa55-98ac-47f4-b767-d2e81179a23c', '2', 'admin', '2020-12-08 04:14:39.584', 'admin', '2020-12-08 04:14:39.584', 'RST-000094'),
('cbb6526b-6696-4c14-94ee-5e4a37c069ab', '3a4aa999-2c9e-4930-bb9c-8a53e2665df2', 'f52fab8e-89a9-4d47-9c05-207e9261b15c', '3', 'admin', '2020-12-24 01:18:53.492', 'admin', '2020-12-24 01:18:53.492', 'RST-000236'),
('cc355654-c7f3-4642-8926-9d78c318e160', 'ae096d72-c07f-47ba-b36b-2283d5a208a9', '94771e75-77dc-4fe4-b6c8-28fd6da464ce', '3', 'admin', '2020-12-21 18:15:04.552', 'admin', '2020-12-21 18:15:04.552', 'RST-000173'),
('cc7138b7-34b5-48e6-ba07-5babb43f1d3c', '7964e8d1-84b6-432c-9c9f-acc160578e2a', 'd26eb949-c416-44d3-adbf-86c535cc8ac4', '2', 'admin', '2020-12-08 04:15:27.276', 'admin', '2020-12-08 04:15:27.276', 'RST-000095'),
('d07d068d-7394-414f-ac2e-47222a9fb17c', '0f8287af-5f5f-4351-8d93-b1c6debe2cda', 'ebf1e5be-7bfe-4fe2-ab82-b11b010d193b', '3', 'admin', '2020-12-23 13:31:25.988', 'admin', '2020-12-23 13:31:25.988', 'RST-000235'),
('d2138947-3491-4e49-976e-b2d09381e369', 'e04fcb67-9aef-4576-a760-077861a9b01b', 'ea7ada07-c4ef-4595-8f40-6b3902522ab1', '3', 'admin', '2020-12-31 10:35:37.018', 'admin', '2020-12-31 10:35:37.018', 'RST-000356'),
('d2d591ca-cdaf-4fc7-ad6e-3ac63df088a5', '3aabee9f-ecfb-4ec0-b40b-c6b45f131011', 'ebe616ae-d233-439d-8304-3513bf2c0a3a', '3', 'admin', '2020-12-14 01:07:03.521', 'admin', '2020-12-21 04:50:37.711', 'RST-000146'),
('d38bab62-fef6-4b37-8abf-13fb2c79baa5', '9ea4d4fd-435d-4d93-9d81-cc8b9519d39e', '7b72c7df-d446-454a-adf6-69ffaddaba9b', '3', 'admin', '2020-12-23 06:01:38.388', 'admin', '2020-12-23 06:01:38.388', 'RST-000208'),
('d6c7ac32-c084-49ac-8400-3fd7f5daa6d2', 'a97cbdb8-6b00-414e-8df8-be07ff923242', 'fe28acdc-ebb5-4ba8-a28e-e6ebb5ab7708', '2', 'admin', '2020-12-07 10:04:56.688', 'admin', '2020-12-07 10:04:56.688', 'RST-000082'),
('d726db51-341c-4f60-9a6b-2b424fd1aaf4', '71ee6639-8439-473e-8a0c-5417fa2a61a6', '7a11a47e-7e3e-42a1-8f78-7b1c1a375d32', '2', 'admin', '2020-12-07 02:48:16.107', 'admin', '2020-12-07 02:48:16.107', 'RST-000042'),
('d826b283-ae68-4824-9ced-0a8ea24dce5b', 'c11353fe-0edc-4037-ab01-474bd4fd4809', 'bdc695bc-e60b-4536-aa40-f28df5a1c3bd', '2', 'admin', '2020-12-08 04:16:09.35', 'admin', '2020-12-08 04:16:09.35', 'RST-000097'),
('d8e2d1e5-faab-4dd8-bbab-8d8cbd57eb9c', 'b2f7d137-0358-4523-b202-eac34c2feea1', 'c7cc4d03-fffa-4f8e-bac5-19a87f585717', '2', 'admin', '2020-12-07 02:01:23.044', 'admin', '2020-12-07 02:01:23.044', 'RST-000029'),
('da1ca501-499a-4ff6-b816-7ccb770d963e', '798f40c0-a787-4812-91e2-79008c180cc1', 'e6abbe30-52cd-4f75-a28e-c40c74817736', '2', 'admin', '2020-12-07 09:57:17.534', 'admin', '2020-12-07 09:57:17.534', 'RST-000077'),
('da8aca67-5761-479b-bafc-9f4258da93d8', 'a8530dbf-27b9-40e6-9b67-baba8defb5a8', '232004cc-2390-4c48-a038-1454733dca07', '2', 'admin', '2020-12-07 05:18:03.11', 'admin', '2020-12-07 05:18:03.11', 'RST-000054'),
('dbd5fceb-a912-40e9-a2e2-118c1c470110', 'ad290646-7145-4a86-a1ea-13b34f41f314', 'd5611022-5a7c-411e-959f-a3c83a047e07', '3', 'admin', '2020-12-13 05:55:43.014', 'admin', '2020-12-20 14:23:30.325', 'RST-000142'),
('dd3b4c12-9187-4ae6-89e0-98d562bb67ab', '9c380a93-0622-4e6b-abc6-00698c08e02e', '651ea9b3-4631-442f-b1da-4d61982d48b2', '3', 'admin', '2020-12-28 07:24:22.269', 'admin', '2020-12-28 07:24:22.269', 'RST-000297'),
('df57eafd-c1de-453c-a738-b2a7d5189898', '69e8f11f-1ce1-4883-89e6-862af820d386', 'ef81a79b-e28d-42ca-8dc9-23bc274902de', '3', 'admin', '2020-12-21 18:23:36.014', 'admin', '2020-12-21 18:23:36.014', 'RST-000178'),
('df8a04f6-8bb8-4163-9bd3-54e43df2917e', '60e9d440-c0b4-4e5a-8f10-d2d9003b9b78', 'fafa4f09-12e3-4a3b-845c-3a4d275eb71a', '3', 'admin', '2020-12-28 07:42:36.936', 'admin', '2020-12-28 07:42:36.936', 'RST-000299'),
('e21a54f0-b181-4801-99c1-003a0356a408', '9ba19897-3413-4af7-aa40-62832d33367c', '16039209-2027-4573-b8f3-ddf777478943', '3', 'admin', '2020-12-30 02:09:40.747', 'admin', '2020-12-30 02:09:40.747', 'RST-000334'),
('e3b78c5a-88bd-4d8f-8d2d-d6146605e968', 'b0949165-70e2-4390-8e8e-fc6b385f45a9', '0ebf62c5-6da6-4c71-ad64-671f757c23e6', '2', 'admin', '2020-12-10 04:31:24.305', 'admin', '2020-12-10 04:31:24.305', 'RST-000115'),
('e5577707-4dc9-4ae6-a4cc-a8b5584b20a8', 'e5c357ef-da9b-4830-91cd-f89146b921d5', '086b650b-94a7-47fe-bc73-ab2e3d5c335b', '2', 'admin', '2020-12-07 01:13:32.693', 'admin', '2020-12-07 01:13:32.693', 'RST-000021'),
('e6999c5a-8a41-434f-aaa5-578f2b881191', 'f1acb81f-025e-46a7-b454-f0123156aacf', 'c95f971b-cd94-499c-956e-7f4be7761219', '3', 'admin', '2020-12-29 09:42:43.764', 'admin', '2020-12-29 09:42:43.764', 'RST-000309'),
('e76ce381-3c49-4a3a-9bf7-53ef2d554dbf', 'bf253ab8-657e-4eba-9286-5cc5355f97a2', '1c555d3d-6427-4a39-bc06-bf669c7ca08a', '2', 'admin', '2020-12-10 04:26:52.796', 'admin', '2020-12-10 04:26:52.796', 'RST-000113'),
('e7ecd0d7-751f-44ca-83c9-d144c1fb7796', '9686abcd-f4c7-4e47-8557-d85a9ecdeb9d', '4674a57e-649f-4931-a629-9af17a0a1de4', '3', 'admin', '2020-12-14 04:53:42.318', 'admin', '2020-12-21 16:57:42.767', 'RST-000163'),
('e86ebe06-93ae-4540-98c7-8a4bb7d4172f', '9ba19897-3413-4af7-aa40-62832d33367c', 'bdc695bc-e60b-4536-aa40-f28df5a1c3bd', '3', 'admin', '2020-12-30 02:12:58.867', 'admin', '2020-12-30 02:12:58.867', 'RST-000346'),
('e9be033b-92f4-4351-8ac7-4a1c2be3fe99', 'b3250924-14ec-410d-a73c-f4dc7431fe13', '6d334abb-9aff-4923-a0ab-75987a2e5a3d', '3', 'admin', '2020-12-29 10:22:33.918', 'admin', '2020-12-29 10:22:33.918', 'RST-000319'),
('ea84e8b4-854e-4507-8123-07ee09642977', 'b2f7d137-0358-4523-b202-eac34c2feea1', 'cba9cc8a-873c-436b-9ce8-f33644b1a513', '2', 'admin', '2020-12-07 02:01:52.132', 'admin', '2020-12-07 02:01:52.132', 'RST-000031'),
('ecb12173-4245-4bb8-9419-f4eeb454183f', 'e180a06a-6c60-4a0c-a56f-4ee398dc65f9', '1fef3116-6122-4c57-8f19-93b5367ba6b7', '2', 'admin', '2020-12-07 02:06:50.237', 'admin', '2020-12-07 02:06:50.237', 'RST-000032'),
('ef88e13c-0874-434d-8c8d-18eae1617c74', '9ba19897-3413-4af7-aa40-62832d33367c', '7c5cc96b-4054-4dd4-809e-a9191c5eec46', '3', 'admin', '2020-12-30 02:12:31.722', 'admin', '2020-12-30 02:12:31.722', 'RST-000344'),
('f3d4f1ff-5b7f-49ba-a8d8-6c728429e7b8', 'e180a06a-6c60-4a0c-a56f-4ee398dc65f9', '5e25dce5-d660-4924-ab87-e4bcb16770cb', '2', 'admin', '2020-12-06 04:11:42.407', 'admin', '2020-12-06 04:11:42.407', 'RST-000014'),
('f53830ff-9ad9-40b3-900c-e3652728f0e4', '9ba19897-3413-4af7-aa40-62832d33367c', 'd2db8a67-64fe-488c-9b53-0161b10a3129', '3', 'admin', '2020-12-30 02:11:38.362', 'admin', '2020-12-30 02:11:38.362', 'RST-000340'),
('f8b9c44c-2ab5-4d0d-a213-0700dc61bf32', '61525631-3bb7-4b9b-8239-f1b53dde6771', 'd5611022-5a7c-411e-959f-a3c83a047e07', '3', 'admin', '2020-12-21 18:30:34.174', 'admin', '2020-12-21 18:30:34.174', 'RST-000181'),
('f8cab781-5323-4b74-82d4-8b6918f875cb', '9ba19897-3413-4af7-aa40-62832d33367c', 'ac5785b7-ddb6-4ad9-972b-d7d1044ae737', '3', 'admin', '2020-12-30 02:14:03.66', 'admin', '2020-12-30 02:14:03.66', 'RST-000351'),
('f902f9ea-45bc-4e3f-9a6b-70dc210eb4ef', '15ff4e3b-be2d-4c69-9888-d13e9b1a6709', '203e5689-bedd-4cde-ab5e-f10681806826', '2', 'admin', '2020-12-07 01:31:36.701', 'admin', '2020-12-07 01:31:36.701', 'RST-000026'),
('f949265e-8ae5-486e-baa5-a253e11c2b6f', '9ceb4863-25d3-4d9b-ab2e-fd57f89641cd', 'd251c3df-5a65-4951-95f0-b15d7a70a15c', '3', 'admin', '2020-12-26 13:32:58.664', 'admin', '2020-12-26 13:32:58.664', 'RST-000276'),
('fe395ad8-8c93-46db-8e1f-c0e76b1b5739', 'e5488b2f-0903-46f7-aa6e-ec55d0323a1c', 'b7d78cca-3dfb-486b-ad18-f8d5d17ff864', '3', 'admin', '2020-12-23 07:28:47.882', 'admin', '2020-12-23 07:28:47.882', 'RST-000223');


INSERT INTO "accounting"."source_subaccount_exclude_mother" ("id", "source_subaccount", "mother_account") VALUES
('01715f95-1a10-4b3b-b9cb-9f3cf59a1c81', 'e9be033b-92f4-4351-8ac7-4a1c2be3fe99', '324bc47c-e3d3-4e40-bc36-c9f186b69fa4'),
('04f2e280-3e71-42b3-9c1f-08e640856337', '43ef084d-869a-4957-a457-5ad350a59daa', '324bc47c-e3d3-4e40-bc36-c9f186b69fa4'),
('06466e19-17d3-4601-926d-48533361a4e1', 'ae6ac540-c86f-4358-a68c-1d2971c82e46', '6085b186-9777-43d2-b89f-239cb7a5b636'),
('0a5fe966-9634-4c79-8a72-ee83a58cf2d3', 'dbd5fceb-a912-40e9-a2e2-118c1c470110', '9e711cfa-4782-4999-a225-bd91f3cdb5da'),
('0adf70db-f096-480a-b328-8ec816af8ea2', '095c9787-c8aa-47af-9317-699351491cc4', '9e711cfa-4782-4999-a225-bd91f3cdb5da'),
('0d015d7c-b90a-487b-8255-a065ba94f3c1', '3ddea5a6-18b7-4f13-99c6-0c5693e3c420', '39860d8b-eea1-4736-a270-9ea0e58e7f84'),
('11bcc9a2-fb9e-4d17-9eb7-4bdacbe044ca', '2ccb927f-eb24-4338-a24d-565c6a257ebf', '881eb9bc-b541-48e1-9f4c-bd80f4a2c8ac'),
('11f6b3f1-509b-4c7a-90d2-0ef9924cd397', '80f012d5-41e3-4636-a8a7-7dfd30f46da4', '39860d8b-eea1-4736-a270-9ea0e58e7f84'),
('15571a66-fd9b-4953-98c6-e81dd30e8fe3', '43ef084d-869a-4957-a457-5ad350a59daa', 'b3252897-938d-48a0-8e23-fdee7af1b216'),
('15929abf-fe8c-425a-9c03-3403ab9f7361', 'f8b9c44c-2ab5-4d0d-a213-0700dc61bf32', '389905a6-6848-4516-bfad-97b0d15dba3a'),
('1908d6d0-8ffa-4c83-8275-472eb09c12ab', '1b609f26-c288-424f-92d8-f66518fed8b2', 'bb4a0dff-20cd-4025-921c-4a76ca204a26'),
('1b944034-7d01-4c31-b8d1-d90273966c09', 'df57eafd-c1de-453c-a738-b2a7d5189898', 'af5ddf22-3f3b-4fa6-b81d-78d5fe778c75'),
('1f5da223-6dd3-403c-adbe-e73190caf0b2', '3f5f0359-7e08-414a-a0c2-2fbe8e58bfe3', '39860d8b-eea1-4736-a270-9ea0e58e7f84'),
('21741ded-e817-49a7-8599-63c6c2783738', 'f8b9c44c-2ab5-4d0d-a213-0700dc61bf32', '2164c7c9-6bd0-4f45-94fb-1a9287bb902b'),
('21cc1d0a-7191-4f69-adc4-e6a5d687185f', '13df60ac-aba9-4441-a6ef-daac0640fb87', 'bb4a0dff-20cd-4025-921c-4a76ca204a26'),
('2279ae2d-f896-4b4a-9e62-a2b0f284dd41', '0ca55bf5-2c6c-4409-b66f-81413fdba884', 'b3252897-938d-48a0-8e23-fdee7af1b216'),
('23c5de33-63be-41ed-8d71-18d4f49624d3', '444d6742-70b7-48c9-9524-13ee4a3b4ad5', 'af5ddf22-3f3b-4fa6-b81d-78d5fe778c75'),
('24c3ca9c-3001-4ef0-82d6-a87756de9903', 'f8b9c44c-2ab5-4d0d-a213-0700dc61bf32', '44ab45d1-4d55-4c43-bbac-77571b786b42'),
('265a990c-c0f7-40fb-b374-7ee89a94bfbd', 'f8b9c44c-2ab5-4d0d-a213-0700dc61bf32', 'af5ddf22-3f3b-4fa6-b81d-78d5fe778c75'),
('2a51862c-c248-4edc-b9f1-dfd7b0387b61', '3ddea5a6-18b7-4f13-99c6-0c5693e3c420', 'bb4a0dff-20cd-4025-921c-4a76ca204a26'),
('2b04b172-ebf1-47da-a8e2-d0c2082ea1f2', '0ea87ce8-b63a-4a08-863c-789582faa292', '6085b186-9777-43d2-b89f-239cb7a5b636'),
('303962df-0275-433f-b38f-87a3f1e7fcc9', 'f53830ff-9ad9-40b3-900c-e3652728f0e4', 'bb4a0dff-20cd-4025-921c-4a76ca204a26'),
('31d10ae2-6771-43ee-90b3-ee4c30802113', '72a2e65f-a0f4-4f8e-8a3b-2a3e98160664', 'bb4a0dff-20cd-4025-921c-4a76ca204a26'),
('32a8f881-8e94-4d50-9100-d94731bf14ff', '212d2eea-d3f5-4fff-b934-151420371e25', 'bb4a0dff-20cd-4025-921c-4a76ca204a26'),
('3439e82b-4397-4d72-a0cd-192543eec6df', 'e86ebe06-93ae-4540-98c7-8a4bb7d4172f', '39860d8b-eea1-4736-a270-9ea0e58e7f84'),
('351fdb80-b3e7-42b9-87d7-066428e296b0', 'd2d591ca-cdaf-4fc7-ad6e-3ac63df088a5', '6085b186-9777-43d2-b89f-239cb7a5b636'),
('352c32c2-50f2-4f89-9c9d-adaa141e505c', 'f8b9c44c-2ab5-4d0d-a213-0700dc61bf32', '6085b186-9777-43d2-b89f-239cb7a5b636'),
('361996e3-d657-4253-9fb8-708dc445b8df', '38661ae1-3c11-4904-9447-337d9ec4f0ef', 'bb4a0dff-20cd-4025-921c-4a76ca204a26'),
('3a33f2ad-6562-4b3e-a56d-b428abdeaad5', '80f012d5-41e3-4636-a8a7-7dfd30f46da4', 'bb4a0dff-20cd-4025-921c-4a76ca204a26'),
('3ac5fc14-43c5-4029-a130-9bbd85a196c9', 'a67b11ff-3c79-4592-8a7c-803ceb91f87d', 'a2c94d5a-3848-4d35-95c6-e5adc476d30c'),
('3b83f56c-327c-418b-9c3e-199518a119a1', 'ef88e13c-0874-434d-8c8d-18eae1617c74', '39860d8b-eea1-4736-a270-9ea0e58e7f84'),
('3c645580-2a09-47d9-bcba-9672bb3192a7', 'e21a54f0-b181-4801-99c1-003a0356a408', '39860d8b-eea1-4736-a270-9ea0e58e7f84'),
('3fa89cfd-dae7-4743-aaa5-d6f1e7fc6d2f', 'f8cab781-5323-4b74-82d4-8b6918f875cb', '39860d8b-eea1-4736-a270-9ea0e58e7f84'),
('3fc3c930-d44e-484e-9d12-002e8d25b946', 'ae6ac540-c86f-4358-a68c-1d2971c82e46', 'af5ddf22-3f3b-4fa6-b81d-78d5fe778c75'),
('4271a9fd-0386-45d3-a909-88a5f07cd27a', 'cc355654-c7f3-4642-8926-9d78c318e160', '6085b186-9777-43d2-b89f-239cb7a5b636'),
('45e8336c-ded0-410f-8cba-0d4754aa8b2e', 'b5e5d64e-d53e-4db8-a047-d0ed864a3603', '82be13c8-e212-44f1-9c80-01ceacbaa82a'),
('462da12a-1eba-4892-bcda-2932aca18b03', 'd826b283-ae68-4824-9ced-0a8ea24dce5b', 'a2c94d5a-3848-4d35-95c6-e5adc476d30c'),
('4655eaf8-4cdf-468b-8e4e-7cfe576653c7', '74854acb-fe71-4ffd-a428-28593a15f446', '881eb9bc-b541-48e1-9f4c-bd80f4a2c8ac'),
('5010b707-cb9b-47cd-bf15-c1729de52ae6', '574cde29-763a-4e5f-a3f8-a0cc73499db1', '9e711cfa-4782-4999-a225-bd91f3cdb5da'),
('509ab30d-27f1-4bd6-b846-75bb16fa2eba', 'd2d591ca-cdaf-4fc7-ad6e-3ac63df088a5', '87538f93-8194-4c81-9b0a-2b55d223f1f9'),
('511ee7f1-f046-44ee-894f-2fd1085509ec', 'c610e254-15a7-454a-9975-1b6d875042e6', 'fff4ace4-d924-42e9-93ee-ce7f15d5b4a8'),
('5181a35f-1ed1-4146-9cf0-903faafdce4f', '2ccb927f-eb24-4338-a24d-565c6a257ebf', 'b3252897-938d-48a0-8e23-fdee7af1b216'),
('543c32a8-af7d-4a0b-8183-cb71b3295355', 'c21649d0-d77c-4b9d-bf9b-f20e943c2fee', 'b3252897-938d-48a0-8e23-fdee7af1b216'),
('545399f4-65d0-43c4-b6f4-4decf0665748', '444d6742-70b7-48c9-9524-13ee4a3b4ad5', '389905a6-6848-4516-bfad-97b0d15dba3a'),
('555c6292-ff59-481b-b254-08affa3f60c5', 'b7af94c3-0572-480e-97a9-141753132b07', 'a2c94d5a-3848-4d35-95c6-e5adc476d30c'),
('55c2a3aa-bfc1-410d-b697-fd70b30cf747', '14623e5a-b29b-4d38-b594-2dfbb8e0b71f', 'b3252897-938d-48a0-8e23-fdee7af1b216'),
('55f041ce-4c2f-4e1d-82e6-a94c94e11203', 'a8744038-96ac-4b13-836d-08578f3f28bc', 'a2c94d5a-3848-4d35-95c6-e5adc476d30c'),
('587458fe-08da-4626-8df4-b4d113616fe4', 'e86ebe06-93ae-4540-98c7-8a4bb7d4172f', 'bb4a0dff-20cd-4025-921c-4a76ca204a26'),
('5daef60e-6b47-4ac2-b0be-c9d1a5a42925', 'a983f4ed-627c-42ec-828c-e26928eb30c1', 'a2c94d5a-3848-4d35-95c6-e5adc476d30c'),
('640f0ec1-0033-49ef-84e7-0439d1f48b5e', '9e9f136b-064e-48d1-b6c8-fae751924cc3', 'bb4a0dff-20cd-4025-921c-4a76ca204a26'),
('6486b330-83be-401c-b1d2-86b3ecc87b47', 'b7020365-f439-4476-a861-81904459c777', '324bc47c-e3d3-4e40-bc36-c9f186b69fa4'),
('67028f4a-ac37-4ee9-a50b-20142a6aa189', 'df57eafd-c1de-453c-a738-b2a7d5189898', '6085b186-9777-43d2-b89f-239cb7a5b636'),
('6894bbdf-b340-428e-ba9f-01e09750448d', 'e3b78c5a-88bd-4d8f-8d2d-d6146605e968', '324bc47c-e3d3-4e40-bc36-c9f186b69fa4'),
('6aa06e19-2fad-4108-a9a1-b7e35ec2a226', '095c9787-c8aa-47af-9317-699351491cc4', '44ab45d1-4d55-4c43-bbac-77571b786b42'),
('6ec34814-ae39-4830-a643-309febd7c8b6', 'df57eafd-c1de-453c-a738-b2a7d5189898', '44ab45d1-4d55-4c43-bbac-77571b786b42'),
('6f2800d6-b161-45e1-86c4-faf9e26acd9f', '3528abf5-866e-4a7b-af97-b0969f2d5810', 'fff4ace4-d924-42e9-93ee-ce7f15d5b4a8'),
('714bddbc-8e52-4e39-a547-8716bc25313c', 'df57eafd-c1de-453c-a738-b2a7d5189898', '389905a6-6848-4516-bfad-97b0d15dba3a'),
('739d44fd-ccf9-4160-934d-3ff74e3b770d', 'd2d591ca-cdaf-4fc7-ad6e-3ac63df088a5', 'af5ddf22-3f3b-4fa6-b81d-78d5fe778c75'),
('74d6f8d6-fab2-44e0-a528-30c81589b72b', '47bf52bd-5fce-474f-bc5d-2784eddf873b', '39860d8b-eea1-4736-a270-9ea0e58e7f84'),
('767b7a96-ea1e-439a-aa00-2c4a8fa82a1b', '095c9787-c8aa-47af-9317-699351491cc4', '389905a6-6848-4516-bfad-97b0d15dba3a'),
('770fde9b-6756-4a73-9a13-b146208e5d10', 'bc83e497-a24a-4f12-876c-038aa53d9007', 'bb4a0dff-20cd-4025-921c-4a76ca204a26'),
('7917cf56-4f22-44b4-a45e-f5d4d222dc55', '9e9f136b-064e-48d1-b6c8-fae751924cc3', '39860d8b-eea1-4736-a270-9ea0e58e7f84'),
('79304669-a058-445e-a95c-32c741b6f981', 'c0e3e79b-bdae-4b1b-9205-d6af9b359569', 'af90ec52-1290-4fa9-b922-d2653311b37f'),
('79b8e810-7d0a-4a0a-a5f2-242a6f7f817f', '6797c893-b1a5-40df-b1f9-c5ab4f71061e', '39860d8b-eea1-4736-a270-9ea0e58e7f84'),
('79db5432-026e-455f-94a4-f55abe5ef53f', '444d6742-70b7-48c9-9524-13ee4a3b4ad5', '44ab45d1-4d55-4c43-bbac-77571b786b42'),
('7ba29bd5-29c7-4ab6-860e-cac3c2bc5604', '0ca55bf5-2c6c-4409-b66f-81413fdba884', '324bc47c-e3d3-4e40-bc36-c9f186b69fa4'),
('7beb6029-d515-4b17-b75a-4b9d26534238', '3f5f0359-7e08-414a-a0c2-2fbe8e58bfe3', 'bb4a0dff-20cd-4025-921c-4a76ca204a26'),
('7e1b0a2d-96ad-400d-98e2-096eace1880f', '9658d44f-9196-4a1c-9741-732c2268caf8', 'a2c94d5a-3848-4d35-95c6-e5adc476d30c'),
('7e68c5c7-daad-45fa-b026-30fa0f788d88', 'df57eafd-c1de-453c-a738-b2a7d5189898', '87538f93-8194-4c81-9b0a-2b55d223f1f9'),
('7e838294-7c2d-413e-9828-28b26fb0a38f', '7fe84d25-600c-4eeb-afed-f0558d7b2811', '389905a6-6848-4516-bfad-97b0d15dba3a'),
('82f76b06-0c46-4c74-8ab8-2d37b0b38257', '7fe84d25-600c-4eeb-afed-f0558d7b2811', 'af5ddf22-3f3b-4fa6-b81d-78d5fe778c75'),
('84d70108-6e59-41cb-8ff3-0549f1f61bc2', '444d6742-70b7-48c9-9524-13ee4a3b4ad5', '6085b186-9777-43d2-b89f-239cb7a5b636'),
('84ebcea9-b844-4ff1-897c-a62fa82e2029', '3dafc3bf-b018-4dd9-85ed-b5e3b927e47c', 'b26d08e0-e7b5-43c1-8d01-faa878cd8e97'),
('850a217c-ce7c-4049-9ddf-bba8007b35d9', '14623e5a-b29b-4d38-b594-2dfbb8e0b71f', '881eb9bc-b541-48e1-9f4c-bd80f4a2c8ac'),
('882adb65-6c25-4dab-9f72-a55354a2246c', '0860e089-a498-4087-af16-89aac5505824', 'a2c94d5a-3848-4d35-95c6-e5adc476d30c'),
('8bb7420e-038f-4f1b-b99a-21fc9ac0c044', 'cc355654-c7f3-4642-8926-9d78c318e160', 'af5ddf22-3f3b-4fa6-b81d-78d5fe778c75'),
('8c6ac148-370c-4e22-b97f-3b7fe308e84b', '6c33d896-69eb-4f59-85c9-f90e1acc8740', '881eb9bc-b541-48e1-9f4c-bd80f4a2c8ac'),
('8d7bbbe4-59b3-4626-9861-cbf628b2c3f2', '3a2968c9-1e98-489c-ab0c-3bb482c79459', 'bb4a0dff-20cd-4025-921c-4a76ca204a26'),
('8d85f942-579f-45d0-98e6-8394695f89b0', '4423a809-e963-414d-9b7e-914da6fc9732', 'b26d08e0-e7b5-43c1-8d01-faa878cd8e97'),
('8f4b9f87-b05d-4757-83f2-f0eabeffc40c', 'e21a54f0-b181-4801-99c1-003a0356a408', 'bb4a0dff-20cd-4025-921c-4a76ca204a26'),
('90ade659-7c67-4d6e-baa0-e91cd6ab6883', 'f8cab781-5323-4b74-82d4-8b6918f875cb', 'bb4a0dff-20cd-4025-921c-4a76ca204a26'),
('9512a8b0-75d9-4715-ab36-9f4a8b0aa0ab', 'e3b78c5a-88bd-4d8f-8d2d-d6146605e968', 'b3252897-938d-48a0-8e23-fdee7af1b216'),
('95b8e998-c952-4df1-9e0f-861b0dd6b9fc', '72b00e31-b74e-423e-b693-5ab86c6d6099', '39860d8b-eea1-4736-a270-9ea0e58e7f84'),
('97963caa-5986-46f9-926a-9a701744b4dc', '6797c893-b1a5-40df-b1f9-c5ab4f71061e', 'bb4a0dff-20cd-4025-921c-4a76ca204a26'),
('9a74888a-5d01-454b-b653-5e72dacfbd79', '47bf52bd-5fce-474f-bc5d-2784eddf873b', 'bb4a0dff-20cd-4025-921c-4a76ca204a26'),
('9b827a1d-a4bb-4bf8-acb4-439a0b5ac84d', '18466542-20cd-489a-97aa-a287fa9d9620', 'fff4ace4-d924-42e9-93ee-ce7f15d5b4a8'),
('9c33d564-ac54-4b57-9d61-84dccaea4c9b', 'cc355654-c7f3-4642-8926-9d78c318e160', '389905a6-6848-4516-bfad-97b0d15dba3a'),
('9ebf14fd-55ba-4751-81c5-7cf32b1f09e9', '405e9738-7ab5-460f-9853-a14f80331652', '881eb9bc-b541-48e1-9f4c-bd80f4a2c8ac'),
('9fdcb951-1679-4bd3-9039-80c1f5ba72be', 'ae6ac540-c86f-4358-a68c-1d2971c82e46', '389905a6-6848-4516-bfad-97b0d15dba3a'),
('a0ef01c5-5bfa-44e8-ae8a-291964d4d381', 'df57eafd-c1de-453c-a738-b2a7d5189898', 'af90ec52-1290-4fa9-b922-d2653311b37f'),
('a27b1db2-3a01-4b61-a18b-a7c747e2a7b8', '1b609f26-c288-424f-92d8-f66518fed8b2', '39860d8b-eea1-4736-a270-9ea0e58e7f84'),
('a3797431-139c-4e02-8451-1cfea0d20d75', '095c9787-c8aa-47af-9317-699351491cc4', 'af5ddf22-3f3b-4fa6-b81d-78d5fe778c75'),
('a38ca974-7811-4077-a6d9-4dc14e45871a', '574cde29-763a-4e5f-a3f8-a0cc73499db1', '2164c7c9-6bd0-4f45-94fb-1a9287bb902b'),
('a46437a3-66c7-411f-8bfe-5b08160c05ef', '0ea87ce8-b63a-4a08-863c-789582faa292', 'af5ddf22-3f3b-4fa6-b81d-78d5fe778c75'),
('aa5d4704-dc90-4bd3-aac6-d8feb2edbc7f', '444d6742-70b7-48c9-9524-13ee4a3b4ad5', '87538f93-8194-4c81-9b0a-2b55d223f1f9'),
('afcf10b7-9726-45e7-a9df-84fab42c5815', 'd2d591ca-cdaf-4fc7-ad6e-3ac63df088a5', '9e711cfa-4782-4999-a225-bd91f3cdb5da'),
('b0947f8c-70e8-4cf9-b64b-c12c1dd36266', '72a2e65f-a0f4-4f8e-8a3b-2a3e98160664', '39860d8b-eea1-4736-a270-9ea0e58e7f84'),
('b237136e-4fa5-4222-afbf-547ba502a0af', '9ba91375-f7e2-4171-ac5d-46c0e9f041d5', '39860d8b-eea1-4736-a270-9ea0e58e7f84'),
('b46f5a8e-bfd8-468f-9d7a-5b8f42f5826a', '588bfc56-31e4-47ef-a60a-22f7c7155ac4', 'b26d08e0-e7b5-43c1-8d01-faa878cd8e97'),
('b5e2e043-07d2-49c4-ad6b-2e52cca5c789', '4423a809-e963-414d-9b7e-914da6fc9732', '3d00077a-9dc1-4a43-9ed6-8bbb1737bdd9'),
('b9e2d3af-f8d8-44a7-8924-3a16247cb60b', 'bc83e497-a24a-4f12-876c-038aa53d9007', '39860d8b-eea1-4736-a270-9ea0e58e7f84'),
('ba6cdc96-5a1b-4958-a826-e7956dcc5d68', 'e7ecd0d7-751f-44ca-83c9-d144c1fb7796', '9e711cfa-4782-4999-a225-bd91f3cdb5da'),
('baa7a80f-1048-4638-a1de-5cdb8dfe1542', '212d2eea-d3f5-4fff-b934-151420371e25', '39860d8b-eea1-4736-a270-9ea0e58e7f84'),
('bda80385-78f6-4ea3-8a38-2d6a49340416', '38661ae1-3c11-4904-9447-337d9ec4f0ef', '39860d8b-eea1-4736-a270-9ea0e58e7f84'),
('be0421a7-14d5-48b7-b28c-2b8e087a053c', '71124194-8508-467e-9610-5adaaf3d5919', '82be13c8-e212-44f1-9c80-01ceacbaa82a'),
('bee62ac1-6688-40ba-8304-c3b9665857b2', 'c21649d0-d77c-4b9d-bf9b-f20e943c2fee', '324bc47c-e3d3-4e40-bc36-c9f186b69fa4'),
('bfd38aac-3e50-49e3-9cb1-42321bf9c06b', '2e12d077-9fc6-40b7-b647-ad63da179c00', 'a2c94d5a-3848-4d35-95c6-e5adc476d30c'),
('c7f48fe1-481e-4263-bf63-df0ff80ce6b7', '3dafc3bf-b018-4dd9-85ed-b5e3b927e47c', '3d00077a-9dc1-4a43-9ed6-8bbb1737bdd9'),
('c886240d-5dcb-4da3-9783-101383951f0d', '7fe84d25-600c-4eeb-afed-f0558d7b2811', '6085b186-9777-43d2-b89f-239cb7a5b636'),
('c9b35872-62cc-450a-8d23-2ab1ed5de077', 'f8b9c44c-2ab5-4d0d-a213-0700dc61bf32', '87538f93-8194-4c81-9b0a-2b55d223f1f9'),
('caf7801a-e8aa-404e-939a-308d234cb0cd', '72b00e31-b74e-423e-b693-5ab86c6d6099', 'bb4a0dff-20cd-4025-921c-4a76ca204a26'),
('cb850a06-391a-412a-8c84-c175aef8e4bb', 'c0e3e79b-bdae-4b1b-9205-d6af9b359569', '82be13c8-e212-44f1-9c80-01ceacbaa82a'),
('cc0ff0dc-02d2-4c50-99ed-2402103fb83d', '095c9787-c8aa-47af-9317-699351491cc4', '6085b186-9777-43d2-b89f-239cb7a5b636'),
('d283f5ee-d068-42bc-9d12-b9ff4de4bc3c', 'b7020365-f439-4476-a861-81904459c777', 'b3252897-938d-48a0-8e23-fdee7af1b216'),
('d4068879-2e4e-402b-bddc-cabd0bb47283', '3a2968c9-1e98-489c-ab0c-3bb482c79459', '39860d8b-eea1-4736-a270-9ea0e58e7f84'),
('d46f8e1d-48a7-4774-a827-de6fd9c5cc6c', '7fe84d25-600c-4eeb-afed-f0558d7b2811', '2164c7c9-6bd0-4f45-94fb-1a9287bb902b'),
('d528606b-5ee1-44c3-9a16-0c4ed6c5aa43', 'd2d591ca-cdaf-4fc7-ad6e-3ac63df088a5', '44ab45d1-4d55-4c43-bbac-77571b786b42'),
('daf4430b-049c-4856-aeab-c74c3895ae56', 'd2d591ca-cdaf-4fc7-ad6e-3ac63df088a5', '389905a6-6848-4516-bfad-97b0d15dba3a'),
('dca86773-a0dd-4845-aaa5-303b916a8ed4', 'f53830ff-9ad9-40b3-900c-e3652728f0e4', '39860d8b-eea1-4736-a270-9ea0e58e7f84'),
('dd55f946-83e5-482d-b174-9e4e7f02c955', 'd726db51-341c-4f60-9a6b-2b424fd1aaf4', 'a2c94d5a-3848-4d35-95c6-e5adc476d30c'),
('e2d2f7b2-1874-4071-843b-5479d50e87ae', '74854acb-fe71-4ffd-a428-28593a15f446', 'b3252897-938d-48a0-8e23-fdee7af1b216'),
('e2d5cacb-38dd-41f6-a544-bbde980d08bc', '9ba91375-f7e2-4171-ac5d-46c0e9f041d5', 'bb4a0dff-20cd-4025-921c-4a76ca204a26'),
('e3442603-daf7-4202-bb83-e7df466146d7', '7fe84d25-600c-4eeb-afed-f0558d7b2811', '87538f93-8194-4c81-9b0a-2b55d223f1f9'),
('e4d1bb3d-3567-4c73-b454-9bb2c77b3141', 'c9241d52-3898-42aa-8e26-62c3a791437c', 'a2c94d5a-3848-4d35-95c6-e5adc476d30c'),
('e5d20465-17c7-4f9c-9e77-5923f4fc89b0', '405e9738-7ab5-460f-9853-a14f80331652', 'b3252897-938d-48a0-8e23-fdee7af1b216'),
('e645ce6c-91a2-4d27-9b54-4effe418e380', 'c4967498-9a89-4e58-81b2-4d2fe07438d3', 'a2c94d5a-3848-4d35-95c6-e5adc476d30c'),
('e84de56c-3946-41cd-89fd-14cecc64643b', '6c33d896-69eb-4f59-85c9-f90e1acc8740', 'b3252897-938d-48a0-8e23-fdee7af1b216'),
('ec6bd3f3-a728-4095-bfd8-9e5e80842e68', '588bfc56-31e4-47ef-a60a-22f7c7155ac4', '3d00077a-9dc1-4a43-9ed6-8bbb1737bdd9'),
('f0a31846-da5e-4a0d-8a3c-e400c7fb1bf3', 'ef88e13c-0874-434d-8c8d-18eae1617c74', 'bb4a0dff-20cd-4025-921c-4a76ca204a26'),
('f2228b23-8c34-49c8-b027-74800231c829', '7fe84d25-600c-4eeb-afed-f0558d7b2811', '44ab45d1-4d55-4c43-bbac-77571b786b42'),
('f4ebcb24-67a9-4358-847a-2955531d5752', '444d6742-70b7-48c9-9524-13ee4a3b4ad5', '82be13c8-e212-44f1-9c80-01ceacbaa82a'),
('f584ea6c-8ad3-4f65-a859-7e637b52d844', 'e9be033b-92f4-4351-8ac7-4a1c2be3fe99', '881eb9bc-b541-48e1-9f4c-bd80f4a2c8ac'),
('f6c51102-4a83-401c-b847-329d33e2c516', '095c9787-c8aa-47af-9317-699351491cc4', '87538f93-8194-4c81-9b0a-2b55d223f1f9'),
('f80c7f96-bbac-425c-adf5-baf5f4c11c82', 'cc7138b7-34b5-48e6-ba07-5babb43f1d3c', 'a2c94d5a-3848-4d35-95c6-e5adc476d30c'),
('f9a3bfb6-566f-451b-9f3b-50ba3c10b408', '0ea87ce8-b63a-4a08-863c-789582faa292', '389905a6-6848-4516-bfad-97b0d15dba3a'),
('fbe0d9d4-e280-49b8-95fc-8ae3de02fbd6', 'dbd5fceb-a912-40e9-a2e2-118c1c470110', '2164c7c9-6bd0-4f45-94fb-1a9287bb902b'),
('ff264bda-d9a7-4a2d-87b5-11d797d952b1', '13df60ac-aba9-4441-a6ef-daac0640fb87', '39860d8b-eea1-4736-a270-9ea0e58e7f84');